dataset,ep_idx,label,note,updated_at,video
expert200,1,full,,2026-05-12T00:25:44,/Users/jasonyan/Desktop/demonstration-information/expert200/demo_1.mp4
expert200,2,full,,2026-05-12T00:26:38,/Users/jasonyan/Desktop/demonstration-information/expert200/demo_2.mp4
expert200,3,full,,2026-05-12T00:28:25,/Users/jasonyan/Desktop/demonstration-information/expert200/demo_3.mp4
square_mh,0,full,,2026-05-12T00:12:07,/Users/jasonyan/Desktop/demonstration-information/observability_annotation_app/videos/square_mh/demo_0000.mp4
square_mh,1,partial,,2026-05-11T23:54:09,/Users/jasonyan/Desktop/demonstration-information/observability_annotation_app/videos/square_mh/demo_0001.mp4
square_mh,2,partial,,2026-05-11T23:54:12,/Users/jasonyan/Desktop/demonstration-information/observability_annotation_app/videos/square_mh/demo_0002.mp4
square_mh,3,partial,,2026-05-11T23:54:14,/Users/jasonyan/Desktop/demonstration-information/observability_annotation_app/videos/square_mh/demo_0003.mp4
square_mh,4,full,,2026-05-11T23:54:16,/Users/jasonyan/Desktop/demonstration-information/observability_annotation_app/videos/square_mh/demo_0004.mp4
square_mh,5,partial,,2026-05-11T23:54:17,/Users/jasonyan/Desktop/demonstration-information/observability_annotation_app/videos/square_mh/demo_0005.mp4
square_mh,6,partial,,2026-05-11T23:54:18,/Users/jasonyan/Desktop/demonstration-information/observability_annotation_app/videos/square_mh/demo_0006.mp4
square_mh,7,full,,2026-05-11T23:54:20,/Users/jasonyan/Desktop/demonstration-information/observability_annotation_app/videos/square_mh/demo_0007.mp4
square_mh,8,partial,,2026-05-11T23:54:23,/Users/jasonyan/Desktop/demonstration-information/observability_annotation_app/videos/square_mh/demo_0008.mp4
square_mh,9,full,,2026-05-11T23:54:26,/Users/jasonyan/Desktop/demonstration-information/observability_annotation_app/videos/square_mh/demo_0009.mp4
square_mh,10,full,,2026-05-11T23:54:28,/Users/jasonyan/Desktop/demonstration-information/observability_annotation_app/videos/square_mh/demo_0010.mp4
square_mh,11,full,,2026-05-11T23:54:30,/Users/jasonyan/Desktop/demonstration-information/observability_annotation_app/videos/square_mh/demo_0011.mp4
square_mh,12,full,,2026-05-11T23:54:32,/Users/jasonyan/Desktop/demonstration-information/observability_annotation_app/videos/square_mh/demo_0012.mp4
square_mh,13,full,,2026-05-11T23:54:34,/Users/jasonyan/Desktop/demonstration-information/observability_annotation_app/videos/square_mh/demo_0013.mp4
square_mh,14,partial,,2026-05-11T23:54:36,/Users/jasonyan/Desktop/demonstration-information/observability_annotation_app/videos/square_mh/demo_0014.mp4
square_mh,15,full,,2026-05-11T23:54:38,/Users/jasonyan/Desktop/demonstration-information/observability_annotation_app/videos/square_mh/demo_0015.mp4
square_mh,16,full,,2026-05-11T23:54:40,/Users/jasonyan/Desktop/demonstration-information/observability_annotation_app/videos/square_mh/demo_0016.mp4
square_mh,17,full,,2026-05-11T23:54:42,/Users/jasonyan/Desktop/demonstration-information/observability_annotation_app/videos/square_mh/demo_0017.mp4
square_mh,18,partial,,2026-05-11T23:54:45,/Users/jasonyan/Desktop/demonstration-information/observability_annotation_app/videos/square_mh/demo_0018.mp4
square_mh,19,full,,2026-05-11T23:54:48,/Users/jasonyan/Desktop/demonstration-information/observability_annotation_app/videos/square_mh/demo_0019.mp4
square_mh,20,full,,2026-05-11T23:54:51,/Users/jasonyan/Desktop/demonstration-information/observability_annotation_app/videos/square_mh/demo_0020.mp4
square_mh,21,partial,,2026-05-11T23:54:54,/Users/jasonyan/Desktop/demonstration-information/observability_annotation_app/videos/square_mh/demo_0021.mp4
square_mh,22,partial,,2026-05-11T23:54:56,/Users/jasonyan/Desktop/demonstration-information/observability_annotation_app/videos/square_mh/demo_0022.mp4
square_mh,23,partial,,2026-05-11T23:54:59,/Users/jasonyan/Desktop/demonstration-information/observability_annotation_app/videos/square_mh/demo_0023.mp4
square_mh,24,full,,2026-05-11T23:55:01,/Users/jasonyan/Desktop/demonstration-information/observability_annotation_app/videos/square_mh/demo_0024.mp4
square_mh,25,full,,2026-05-11T23:55:04,/Users/jasonyan/Desktop/demonstration-information/observability_annotation_app/videos/square_mh/demo_0025.mp4
square_mh,26,partial,,2026-05-11T23:55:05,/Users/jasonyan/Desktop/demonstration-information/observability_annotation_app/videos/square_mh/demo_0026.mp4
square_mh,27,full,,2026-05-11T23:55:07,/Users/jasonyan/Desktop/demonstration-information/observability_annotation_app/videos/square_mh/demo_0027.mp4
square_mh,28,full,,2026-05-11T23:55:09,/Users/jasonyan/Desktop/demonstration-information/observability_annotation_app/videos/square_mh/demo_0028.mp4
square_mh,29,full,,2026-05-11T23:55:12,/Users/jasonyan/Desktop/demonstration-information/observability_annotation_app/videos/square_mh/demo_0029.mp4
square_mh,30,full,,2026-05-11T23:55:14,/Users/jasonyan/Desktop/demonstration-information/observability_annotation_app/videos/square_mh/demo_0030.mp4
square_mh,31,full,,2026-05-11T23:55:16,/Users/jasonyan/Desktop/demonstration-information/observability_annotation_app/videos/square_mh/demo_0031.mp4
square_mh,32,partial,,2026-05-11T23:55:18,/Users/jasonyan/Desktop/demonstration-information/observability_annotation_app/videos/square_mh/demo_0032.mp4
square_mh,33,full,,2026-05-11T23:55:21,/Users/jasonyan/Desktop/demonstration-information/observability_annotation_app/videos/square_mh/demo_0033.mp4
square_mh,34,full,,2026-05-11T23:55:23,/Users/jasonyan/Desktop/demonstration-information/observability_annotation_app/videos/square_mh/demo_0034.mp4
square_mh,35,full,,2026-05-11T23:55:24,/Users/jasonyan/Desktop/demonstration-information/observability_annotation_app/videos/square_mh/demo_0035.mp4
square_mh,36,partial,,2026-05-11T23:55:26,/Users/jasonyan/Desktop/demonstration-information/observability_annotation_app/videos/square_mh/demo_0036.mp4
square_mh,37,partial,,2026-05-11T23:55:28,/Users/jasonyan/Desktop/demonstration-information/observability_annotation_app/videos/square_mh/demo_0037.mp4
square_mh,38,partial,,2026-05-11T23:55:29,/Users/jasonyan/Desktop/demonstration-information/observability_annotation_app/videos/square_mh/demo_0038.mp4
square_mh,39,partial,,2026-05-11T23:55:31,/Users/jasonyan/Desktop/demonstration-information/observability_annotation_app/videos/square_mh/demo_0039.mp4
square_mh,40,partial,,2026-05-11T23:55:34,/Users/jasonyan/Desktop/demonstration-information/observability_annotation_app/videos/square_mh/demo_0040.mp4
square_mh,41,full,,2026-05-11T23:55:36,/Users/jasonyan/Desktop/demonstration-information/observability_annotation_app/videos/square_mh/demo_0041.mp4
square_mh,42,partial,,2026-05-11T23:55:37,/Users/jasonyan/Desktop/demonstration-information/observability_annotation_app/videos/square_mh/demo_0042.mp4
square_mh,43,full,,2026-05-11T23:55:39,/Users/jasonyan/Desktop/demonstration-information/observability_annotation_app/videos/square_mh/demo_0043.mp4
square_mh,44,partial,,2026-05-11T23:55:41,/Users/jasonyan/Desktop/demonstration-information/observability_annotation_app/videos/square_mh/demo_0044.mp4
square_mh,45,partial,,2026-05-11T23:55:42,/Users/jasonyan/Desktop/demonstration-information/observability_annotation_app/videos/square_mh/demo_0045.mp4
square_mh,46,full,,2026-05-11T23:55:44,/Users/jasonyan/Desktop/demonstration-information/observability_annotation_app/videos/square_mh/demo_0046.mp4
square_mh,47,partial,,2026-05-11T23:55:45,/Users/jasonyan/Desktop/demonstration-information/observability_annotation_app/videos/square_mh/demo_0047.mp4
square_mh,48,partial,,2026-05-11T23:55:47,/Users/jasonyan/Desktop/demonstration-information/observability_annotation_app/videos/square_mh/demo_0048.mp4
square_mh,49,partial,,2026-05-11T23:55:48,/Users/jasonyan/Desktop/demonstration-information/observability_annotation_app/videos/square_mh/demo_0049.mp4
square_mh,50,full,,2026-05-11T23:55:55,/Users/jasonyan/Desktop/demonstration-information/observability_annotation_app/videos/square_mh/demo_0050.mp4
square_mh,51,partial,,2026-05-11T23:56:00,/Users/jasonyan/Desktop/demonstration-information/observability_annotation_app/videos/square_mh/demo_0051.mp4
square_mh,52,full,,2026-05-11T23:56:07,/Users/jasonyan/Desktop/demonstration-information/observability_annotation_app/videos/square_mh/demo_0052.mp4
square_mh,53,full,,2026-05-11T23:56:13,/Users/jasonyan/Desktop/demonstration-information/observability_annotation_app/videos/square_mh/demo_0053.mp4
square_mh,54,full,,2026-05-11T23:56:18,/Users/jasonyan/Desktop/demonstration-information/observability_annotation_app/videos/square_mh/demo_0054.mp4
square_mh,55,partial,,2026-05-11T23:56:20,/Users/jasonyan/Desktop/demonstration-information/observability_annotation_app/videos/square_mh/demo_0055.mp4
square_mh,56,partial,,2026-05-11T23:56:26,/Users/jasonyan/Desktop/demonstration-information/observability_annotation_app/videos/square_mh/demo_0056.mp4
square_mh,57,full,,2026-05-11T23:56:29,/Users/jasonyan/Desktop/demonstration-information/observability_annotation_app/videos/square_mh/demo_0057.mp4
square_mh,58,full,,2026-05-11T23:57:12,/Users/jasonyan/Desktop/demonstration-information/observability_annotation_app/videos/square_mh/demo_0058.mp4
square_mh,59,full,,2026-05-11T23:57:29,/Users/jasonyan/Desktop/demonstration-information/observability_annotation_app/videos/square_mh/demo_0059.mp4
square_mh,60,full,,2026-05-11T23:58:10,/Users/jasonyan/Desktop/demonstration-information/observability_annotation_app/videos/square_mh/demo_0060.mp4
square_mh,61,full,,2026-05-11T23:58:17,/Users/jasonyan/Desktop/demonstration-information/observability_annotation_app/videos/square_mh/demo_0061.mp4
square_mh,62,partial,,2026-05-12T00:04:02,/Users/jasonyan/Desktop/demonstration-information/observability_annotation_app/videos/square_mh/demo_0062.mp4
square_mh,63,full,,2026-05-12T00:00:46,/Users/jasonyan/Desktop/demonstration-information/observability_annotation_app/videos/square_mh/demo_0063.mp4
square_mh,64,full,,2026-05-12T00:00:54,/Users/jasonyan/Desktop/demonstration-information/observability_annotation_app/videos/square_mh/demo_0064.mp4
square_mh,65,full,,2026-05-12T00:00:58,/Users/jasonyan/Desktop/demonstration-information/observability_annotation_app/videos/square_mh/demo_0065.mp4
square_mh,66,partial,,2026-05-12T00:01:05,/Users/jasonyan/Desktop/demonstration-information/observability_annotation_app/videos/square_mh/demo_0066.mp4
square_mh,67,partial,,2026-05-12T00:04:06,/Users/jasonyan/Desktop/demonstration-information/observability_annotation_app/videos/square_mh/demo_0067.mp4
square_mh,68,full,,2026-05-12T00:01:08,/Users/jasonyan/Desktop/demonstration-information/observability_annotation_app/videos/square_mh/demo_0068.mp4
square_mh,69,full,,2026-05-12T00:01:11,/Users/jasonyan/Desktop/demonstration-information/observability_annotation_app/videos/square_mh/demo_0069.mp4
square_mh,70,full,,2026-05-12T00:01:16,/Users/jasonyan/Desktop/demonstration-information/observability_annotation_app/videos/square_mh/demo_0070.mp4
square_mh,71,full,,2026-05-12T00:01:23,/Users/jasonyan/Desktop/demonstration-information/observability_annotation_app/videos/square_mh/demo_0071.mp4
square_mh,72,full,,2026-05-12T00:02:30,/Users/jasonyan/Desktop/demonstration-information/observability_annotation_app/videos/square_mh/demo_0072.mp4
square_mh,73,full,,2026-05-12T00:02:33,/Users/jasonyan/Desktop/demonstration-information/observability_annotation_app/videos/square_mh/demo_0073.mp4
square_mh,74,full,,2026-05-12T00:02:38,/Users/jasonyan/Desktop/demonstration-information/observability_annotation_app/videos/square_mh/demo_0074.mp4
square_mh,75,full,,2026-05-12T00:04:09,/Users/jasonyan/Desktop/demonstration-information/observability_annotation_app/videos/square_mh/demo_0075.mp4
square_mh,76,partial,,2026-05-12T00:04:16,/Users/jasonyan/Desktop/demonstration-information/observability_annotation_app/videos/square_mh/demo_0076.mp4
square_mh,77,full,,2026-05-12T00:04:21,/Users/jasonyan/Desktop/demonstration-information/observability_annotation_app/videos/square_mh/demo_0077.mp4
square_mh,78,partial,,2026-05-12T00:04:24,/Users/jasonyan/Desktop/demonstration-information/observability_annotation_app/videos/square_mh/demo_0078.mp4
square_mh,79,full,,2026-05-12T00:04:27,/Users/jasonyan/Desktop/demonstration-information/observability_annotation_app/videos/square_mh/demo_0079.mp4
square_mh,80,full,,2026-05-12T00:04:34,/Users/jasonyan/Desktop/demonstration-information/observability_annotation_app/videos/square_mh/demo_0080.mp4
square_mh,81,full,,2026-05-12T00:04:36,/Users/jasonyan/Desktop/demonstration-information/observability_annotation_app/videos/square_mh/demo_0081.mp4
square_mh,82,full,,2026-05-12T00:04:40,/Users/jasonyan/Desktop/demonstration-information/observability_annotation_app/videos/square_mh/demo_0082.mp4
square_mh,83,full,,2026-05-12T00:04:47,/Users/jasonyan/Desktop/demonstration-information/observability_annotation_app/videos/square_mh/demo_0083.mp4
square_mh,84,full,,2026-05-12T00:04:49,/Users/jasonyan/Desktop/demonstration-information/observability_annotation_app/videos/square_mh/demo_0084.mp4
square_mh,85,full,,2026-05-12T00:04:52,/Users/jasonyan/Desktop/demonstration-information/observability_annotation_app/videos/square_mh/demo_0085.mp4
square_mh,86,partial,,2026-05-12T00:04:55,/Users/jasonyan/Desktop/demonstration-information/observability_annotation_app/videos/square_mh/demo_0086.mp4
square_mh,87,partial,,2026-05-12T00:04:57,/Users/jasonyan/Desktop/demonstration-information/observability_annotation_app/videos/square_mh/demo_0087.mp4
square_mh,88,partial,,2026-05-12T00:04:59,/Users/jasonyan/Desktop/demonstration-information/observability_annotation_app/videos/square_mh/demo_0088.mp4
square_mh,89,full,,2026-05-12T00:05:51,/Users/jasonyan/Desktop/demonstration-information/observability_annotation_app/videos/square_mh/demo_0089.mp4
square_mh,90,full,,2026-05-12T00:05:55,/Users/jasonyan/Desktop/demonstration-information/observability_annotation_app/videos/square_mh/demo_0090.mp4
square_mh,91,full,,2026-05-12T00:06:05,/Users/jasonyan/Desktop/demonstration-information/observability_annotation_app/videos/square_mh/demo_0091.mp4
square_mh,92,partial,,2026-05-12T00:06:12,/Users/jasonyan/Desktop/demonstration-information/observability_annotation_app/videos/square_mh/demo_0092.mp4
square_mh,93,partial,,2026-05-12T00:06:18,/Users/jasonyan/Desktop/demonstration-information/observability_annotation_app/videos/square_mh/demo_0093.mp4
square_mh,94,partial,,2026-05-12T00:06:24,/Users/jasonyan/Desktop/demonstration-information/observability_annotation_app/videos/square_mh/demo_0094.mp4
square_mh,95,full,,2026-05-12T00:06:26,/Users/jasonyan/Desktop/demonstration-information/observability_annotation_app/videos/square_mh/demo_0095.mp4
square_mh,96,partial,,2026-05-12T00:06:30,/Users/jasonyan/Desktop/demonstration-information/observability_annotation_app/videos/square_mh/demo_0096.mp4
square_mh,97,full,,2026-05-12T00:06:37,/Users/jasonyan/Desktop/demonstration-information/observability_annotation_app/videos/square_mh/demo_0097.mp4
square_mh,98,full,,2026-05-12T00:06:46,/Users/jasonyan/Desktop/demonstration-information/observability_annotation_app/videos/square_mh/demo_0098.mp4
square_mh,99,full,,2026-05-12T00:06:52,/Users/jasonyan/Desktop/demonstration-information/observability_annotation_app/videos/square_mh/demo_0099.mp4
square_mh,100,unsure,,2026-05-12T00:08:00,/Users/jasonyan/Desktop/demonstration-information/observability_annotation_app/videos/square_mh/demo_0100.mp4
square_mh,101,full,,2026-05-12T00:09:49,/Users/jasonyan/Desktop/demonstration-information/observability_annotation_app/videos/square_mh/demo_0101.mp4
square_mh,102,unsure,,2026-05-12T00:09:55,/Users/jasonyan/Desktop/demonstration-information/observability_annotation_app/videos/square_mh/demo_0102.mp4
square_mh,103,full,,2026-05-12T00:09:58,/Users/jasonyan/Desktop/demonstration-information/observability_annotation_app/videos/square_mh/demo_0103.mp4
square_mh,104,full,,2026-05-12T00:10:01,/Users/jasonyan/Desktop/demonstration-information/observability_annotation_app/videos/square_mh/demo_0104.mp4
square_mh,105,partial,,2026-05-12T00:10:04,/Users/jasonyan/Desktop/demonstration-information/observability_annotation_app/videos/square_mh/demo_0105.mp4
square_mh,106,unsure,,2026-05-12T00:10:08,/Users/jasonyan/Desktop/demonstration-information/observability_annotation_app/videos/square_mh/demo_0106.mp4
square_mh,107,unsure,,2026-05-12T00:10:10,/Users/jasonyan/Desktop/demonstration-information/observability_annotation_app/videos/square_mh/demo_0107.mp4
square_mh,108,unsure,,2026-05-12T00:10:16,/Users/jasonyan/Desktop/demonstration-information/observability_annotation_app/videos/square_mh/demo_0108.mp4
square_mh,109,unsure,,2026-05-12T00:10:21,/Users/jasonyan/Desktop/demonstration-information/observability_annotation_app/videos/square_mh/demo_0109.mp4
square_mh,110,unsure,,2026-05-12T00:10:28,/Users/jasonyan/Desktop/demonstration-information/observability_annotation_app/videos/square_mh/demo_0110.mp4
square_mh,111,unsure,,2026-05-12T00:10:33,/Users/jasonyan/Desktop/demonstration-information/observability_annotation_app/videos/square_mh/demo_0111.mp4
square_mh,112,unsure,,2026-05-12T00:10:39,/Users/jasonyan/Desktop/demonstration-information/observability_annotation_app/videos/square_mh/demo_0112.mp4
square_mh,113,unsure,,2026-05-12T00:10:47,/Users/jasonyan/Desktop/demonstration-information/observability_annotation_app/videos/square_mh/demo_0113.mp4
square_mh,114,full,,2026-05-12T00:10:50,/Users/jasonyan/Desktop/demonstration-information/observability_annotation_app/videos/square_mh/demo_0114.mp4
square_mh,115,unsure,,2026-05-12T00:10:59,/Users/jasonyan/Desktop/demonstration-information/observability_annotation_app/videos/square_mh/demo_0115.mp4
square_mh,116,full,,2026-05-12T00:11:44,/Users/jasonyan/Desktop/demonstration-information/observability_annotation_app/videos/square_mh/demo_0116.mp4
square_mh,117,full,,2026-05-12T00:12:25,/Users/jasonyan/Desktop/demonstration-information/observability_annotation_app/videos/square_mh/demo_0117.mp4
square_mh,118,unsure,,2026-05-12T00:12:31,/Users/jasonyan/Desktop/demonstration-information/observability_annotation_app/videos/square_mh/demo_0118.mp4
square_mh,119,unsure,,2026-05-12T00:12:34,/Users/jasonyan/Desktop/demonstration-information/observability_annotation_app/videos/square_mh/demo_0119.mp4
square_mh,120,unsure,,2026-05-12T00:12:36,/Users/jasonyan/Desktop/demonstration-information/observability_annotation_app/videos/square_mh/demo_0120.mp4
square_mh,121,unsure,,2026-05-12T00:12:40,/Users/jasonyan/Desktop/demonstration-information/observability_annotation_app/videos/square_mh/demo_0121.mp4
square_mh,122,full,,2026-05-12T00:12:42,/Users/jasonyan/Desktop/demonstration-information/observability_annotation_app/videos/square_mh/demo_0122.mp4
square_mh,123,unsure,,2026-05-12T00:12:45,/Users/jasonyan/Desktop/demonstration-information/observability_annotation_app/videos/square_mh/demo_0123.mp4
square_mh,124,unsure,,2026-05-12T00:12:47,/Users/jasonyan/Desktop/demonstration-information/observability_annotation_app/videos/square_mh/demo_0124.mp4
square_mh,125,unsure,,2026-05-12T00:12:50,/Users/jasonyan/Desktop/demonstration-information/observability_annotation_app/videos/square_mh/demo_0125.mp4
square_mh,126,unsure,,2026-05-12T00:12:54,/Users/jasonyan/Desktop/demonstration-information/observability_annotation_app/videos/square_mh/demo_0126.mp4
square_mh,127,full,,2026-05-12T00:12:58,/Users/jasonyan/Desktop/demonstration-information/observability_annotation_app/videos/square_mh/demo_0127.mp4
square_mh,128,unsure,,2026-05-12T00:13:01,/Users/jasonyan/Desktop/demonstration-information/observability_annotation_app/videos/square_mh/demo_0128.mp4
square_mh,129,partial,,2026-05-12T00:13:03,/Users/jasonyan/Desktop/demonstration-information/observability_annotation_app/videos/square_mh/demo_0129.mp4
square_mh,130,unsure,,2026-05-12T00:13:07,/Users/jasonyan/Desktop/demonstration-information/observability_annotation_app/videos/square_mh/demo_0130.mp4
square_mh,131,full,,2026-05-12T00:13:10,/Users/jasonyan/Desktop/demonstration-information/observability_annotation_app/videos/square_mh/demo_0131.mp4
square_mh,132,full,,2026-05-12T00:13:16,/Users/jasonyan/Desktop/demonstration-information/observability_annotation_app/videos/square_mh/demo_0132.mp4
square_mh,133,unsure,,2026-05-12T00:13:19,/Users/jasonyan/Desktop/demonstration-information/observability_annotation_app/videos/square_mh/demo_0133.mp4
square_mh,134,full,,2026-05-12T00:13:22,/Users/jasonyan/Desktop/demonstration-information/observability_annotation_app/videos/square_mh/demo_0134.mp4
square_mh,135,full,,2026-05-12T00:13:24,/Users/jasonyan/Desktop/demonstration-information/observability_annotation_app/videos/square_mh/demo_0135.mp4
square_mh,136,unsure,,2026-05-12T00:13:28,/Users/jasonyan/Desktop/demonstration-information/observability_annotation_app/videos/square_mh/demo_0136.mp4
square_mh,137,full,,2026-05-12T00:13:31,/Users/jasonyan/Desktop/demonstration-information/observability_annotation_app/videos/square_mh/demo_0137.mp4
square_mh,138,unsure,,2026-05-12T00:13:34,/Users/jasonyan/Desktop/demonstration-information/observability_annotation_app/videos/square_mh/demo_0138.mp4
square_mh,139,unsure,,2026-05-12T00:13:38,/Users/jasonyan/Desktop/demonstration-information/observability_annotation_app/videos/square_mh/demo_0139.mp4
square_mh,140,unsure,,2026-05-12T00:13:40,/Users/jasonyan/Desktop/demonstration-information/observability_annotation_app/videos/square_mh/demo_0140.mp4
square_mh,141,unsure,,2026-05-12T00:13:44,/Users/jasonyan/Desktop/demonstration-information/observability_annotation_app/videos/square_mh/demo_0141.mp4
square_mh,142,unsure,,2026-05-12T00:13:47,/Users/jasonyan/Desktop/demonstration-information/observability_annotation_app/videos/square_mh/demo_0142.mp4
square_mh,143,unsure,,2026-05-12T00:13:49,/Users/jasonyan/Desktop/demonstration-information/observability_annotation_app/videos/square_mh/demo_0143.mp4
square_mh,144,unsure,,2026-05-12T00:13:52,/Users/jasonyan/Desktop/demonstration-information/observability_annotation_app/videos/square_mh/demo_0144.mp4
square_mh,145,unsure,,2026-05-12T00:13:55,/Users/jasonyan/Desktop/demonstration-information/observability_annotation_app/videos/square_mh/demo_0145.mp4
square_mh,146,unsure,,2026-05-12T00:13:58,/Users/jasonyan/Desktop/demonstration-information/observability_annotation_app/videos/square_mh/demo_0146.mp4
square_mh,147,unsure,,2026-05-12T00:14:02,/Users/jasonyan/Desktop/demonstration-information/observability_annotation_app/videos/square_mh/demo_0147.mp4
square_mh,148,unsure,,2026-05-12T00:14:05,/Users/jasonyan/Desktop/demonstration-information/observability_annotation_app/videos/square_mh/demo_0148.mp4
square_mh,149,unsure,,2026-05-12T00:14:07,/Users/jasonyan/Desktop/demonstration-information/observability_annotation_app/videos/square_mh/demo_0149.mp4
square_mh,150,partial,,2026-05-12T00:14:11,/Users/jasonyan/Desktop/demonstration-information/observability_annotation_app/videos/square_mh/demo_0150.mp4
square_mh,151,full,,2026-05-12T00:14:14,/Users/jasonyan/Desktop/demonstration-information/observability_annotation_app/videos/square_mh/demo_0151.mp4
square_mh,152,partial,,2026-05-12T00:14:16,/Users/jasonyan/Desktop/demonstration-information/observability_annotation_app/videos/square_mh/demo_0152.mp4
square_mh,153,full,,2026-05-12T00:14:20,/Users/jasonyan/Desktop/demonstration-information/observability_annotation_app/videos/square_mh/demo_0153.mp4
square_mh,154,partial,,2026-05-12T00:14:23,/Users/jasonyan/Desktop/demonstration-information/observability_annotation_app/videos/square_mh/demo_0154.mp4
square_mh,155,full,,2026-05-12T00:14:26,/Users/jasonyan/Desktop/demonstration-information/observability_annotation_app/videos/square_mh/demo_0155.mp4
square_mh,156,partial,,2026-05-12T00:14:29,/Users/jasonyan/Desktop/demonstration-information/observability_annotation_app/videos/square_mh/demo_0156.mp4
square_mh,157,full,,2026-05-12T00:14:31,/Users/jasonyan/Desktop/demonstration-information/observability_annotation_app/videos/square_mh/demo_0157.mp4
square_mh,158,partial,,2026-05-12T00:14:35,/Users/jasonyan/Desktop/demonstration-information/observability_annotation_app/videos/square_mh/demo_0158.mp4
square_mh,159,partial,,2026-05-12T00:14:38,/Users/jasonyan/Desktop/demonstration-information/observability_annotation_app/videos/square_mh/demo_0159.mp4
square_mh,160,partial,,2026-05-12T00:14:41,/Users/jasonyan/Desktop/demonstration-information/observability_annotation_app/videos/square_mh/demo_0160.mp4
square_mh,161,full,,2026-05-12T00:15:28,/Users/jasonyan/Desktop/demonstration-information/observability_annotation_app/videos/square_mh/demo_0161.mp4
square_mh,162,partial,,2026-05-12T00:15:31,/Users/jasonyan/Desktop/demonstration-information/observability_annotation_app/videos/square_mh/demo_0162.mp4
square_mh,163,partial,,2026-05-12T00:15:33,/Users/jasonyan/Desktop/demonstration-information/observability_annotation_app/videos/square_mh/demo_0163.mp4
square_mh,164,full,,2026-05-12T00:15:35,/Users/jasonyan/Desktop/demonstration-information/observability_annotation_app/videos/square_mh/demo_0164.mp4
square_mh,165,partial,,2026-05-12T00:15:38,/Users/jasonyan/Desktop/demonstration-information/observability_annotation_app/videos/square_mh/demo_0165.mp4
square_mh,166,full,,2026-05-12T00:15:40,/Users/jasonyan/Desktop/demonstration-information/observability_annotation_app/videos/square_mh/demo_0166.mp4
square_mh,167,partial,,2026-05-12T00:15:42,/Users/jasonyan/Desktop/demonstration-information/observability_annotation_app/videos/square_mh/demo_0167.mp4
square_mh,168,full,,2026-05-12T00:15:46,/Users/jasonyan/Desktop/demonstration-information/observability_annotation_app/videos/square_mh/demo_0168.mp4
square_mh,169,full,,2026-05-12T00:15:49,/Users/jasonyan/Desktop/demonstration-information/observability_annotation_app/videos/square_mh/demo_0169.mp4
square_mh,170,full,,2026-05-12T00:15:51,/Users/jasonyan/Desktop/demonstration-information/observability_annotation_app/videos/square_mh/demo_0170.mp4
square_mh,171,partial,,2026-05-12T00:15:55,/Users/jasonyan/Desktop/demonstration-information/observability_annotation_app/videos/square_mh/demo_0171.mp4
square_mh,172,partial,,2026-05-12T00:15:58,/Users/jasonyan/Desktop/demonstration-information/observability_annotation_app/videos/square_mh/demo_0172.mp4
square_mh,173,partial,,2026-05-12T00:16:01,/Users/jasonyan/Desktop/demonstration-information/observability_annotation_app/videos/square_mh/demo_0173.mp4
square_mh,174,partial,,2026-05-12T00:16:04,/Users/jasonyan/Desktop/demonstration-information/observability_annotation_app/videos/square_mh/demo_0174.mp4
square_mh,175,partial,,2026-05-12T00:16:06,/Users/jasonyan/Desktop/demonstration-information/observability_annotation_app/videos/square_mh/demo_0175.mp4
square_mh,176,partial,,2026-05-12T00:16:09,/Users/jasonyan/Desktop/demonstration-information/observability_annotation_app/videos/square_mh/demo_0176.mp4
square_mh,177,partial,,2026-05-12T00:16:11,/Users/jasonyan/Desktop/demonstration-information/observability_annotation_app/videos/square_mh/demo_0177.mp4
square_mh,178,partial,,2026-05-12T00:16:14,/Users/jasonyan/Desktop/demonstration-information/observability_annotation_app/videos/square_mh/demo_0178.mp4
square_mh,179,full,,2026-05-12T00:16:19,/Users/jasonyan/Desktop/demonstration-information/observability_annotation_app/videos/square_mh/demo_0179.mp4
square_mh,180,full,,2026-05-12T00:16:22,/Users/jasonyan/Desktop/demonstration-information/observability_annotation_app/videos/square_mh/demo_0180.mp4
square_mh,181,partial,,2026-05-12T00:16:24,/Users/jasonyan/Desktop/demonstration-information/observability_annotation_app/videos/square_mh/demo_0181.mp4
square_mh,182,full,,2026-05-12T00:16:27,/Users/jasonyan/Desktop/demonstration-information/observability_annotation_app/videos/square_mh/demo_0182.mp4
square_mh,183,partial,,2026-05-12T00:16:30,/Users/jasonyan/Desktop/demonstration-information/observability_annotation_app/videos/square_mh/demo_0183.mp4
square_mh,184,full,,2026-05-12T00:16:35,/Users/jasonyan/Desktop/demonstration-information/observability_annotation_app/videos/square_mh/demo_0184.mp4
square_mh,185,full,,2026-05-12T00:16:37,/Users/jasonyan/Desktop/demonstration-information/observability_annotation_app/videos/square_mh/demo_0185.mp4
square_mh,186,partial,,2026-05-12T00:16:39,/Users/jasonyan/Desktop/demonstration-information/observability_annotation_app/videos/square_mh/demo_0186.mp4
square_mh,187,full,,2026-05-12T00:16:42,/Users/jasonyan/Desktop/demonstration-information/observability_annotation_app/videos/square_mh/demo_0187.mp4
square_mh,188,partial,,2026-05-12T00:16:44,/Users/jasonyan/Desktop/demonstration-information/observability_annotation_app/videos/square_mh/demo_0188.mp4
square_mh,189,partial,,2026-05-12T00:16:45,/Users/jasonyan/Desktop/demonstration-information/observability_annotation_app/videos/square_mh/demo_0189.mp4
square_mh,190,full,,2026-05-12T00:16:47,/Users/jasonyan/Desktop/demonstration-information/observability_annotation_app/videos/square_mh/demo_0190.mp4
square_mh,191,full,,2026-05-12T00:16:48,/Users/jasonyan/Desktop/demonstration-information/observability_annotation_app/videos/square_mh/demo_0191.mp4
square_mh,192,full,,2026-05-12T00:16:49,/Users/jasonyan/Desktop/demonstration-information/observability_annotation_app/videos/square_mh/demo_0192.mp4
square_mh,193,full,,2026-05-12T00:16:53,/Users/jasonyan/Desktop/demonstration-information/observability_annotation_app/videos/square_mh/demo_0193.mp4
square_mh,194,partial,,2026-05-12T00:16:55,/Users/jasonyan/Desktop/demonstration-information/observability_annotation_app/videos/square_mh/demo_0194.mp4
square_mh,195,full,,2026-05-12T00:16:57,/Users/jasonyan/Desktop/demonstration-information/observability_annotation_app/videos/square_mh/demo_0195.mp4
square_mh,196,full,,2026-05-12T00:16:59,/Users/jasonyan/Desktop/demonstration-information/observability_annotation_app/videos/square_mh/demo_0196.mp4
square_mh,197,full,,2026-05-12T00:17:02,/Users/jasonyan/Desktop/demonstration-information/observability_annotation_app/videos/square_mh/demo_0197.mp4
square_mh,198,partial,,2026-05-12T00:17:04,/Users/jasonyan/Desktop/demonstration-information/observability_annotation_app/videos/square_mh/demo_0198.mp4
square_mh,199,partial,,2026-05-12T00:17:05,/Users/jasonyan/Desktop/demonstration-information/observability_annotation_app/videos/square_mh/demo_0199.mp4
square_mh,200,full,,2026-05-12T00:17:08,/Users/jasonyan/Desktop/demonstration-information/observability_annotation_app/videos/square_mh/demo_0200.mp4
square_mh,201,partial,,2026-05-12T00:17:12,/Users/jasonyan/Desktop/demonstration-information/observability_annotation_app/videos/square_mh/demo_0201.mp4
square_mh,202,full,,2026-05-12T00:17:15,/Users/jasonyan/Desktop/demonstration-information/observability_annotation_app/videos/square_mh/demo_0202.mp4
square_mh,203,partial,,2026-05-12T00:17:17,/Users/jasonyan/Desktop/demonstration-information/observability_annotation_app/videos/square_mh/demo_0203.mp4
square_mh,204,unsure,,2026-05-12T00:17:26,/Users/jasonyan/Desktop/demonstration-information/observability_annotation_app/videos/square_mh/demo_0204.mp4
square_mh,205,unsure,,2026-05-12T00:17:29,/Users/jasonyan/Desktop/demonstration-information/observability_annotation_app/videos/square_mh/demo_0205.mp4
square_mh,206,partial,,2026-05-12T00:17:31,/Users/jasonyan/Desktop/demonstration-information/observability_annotation_app/videos/square_mh/demo_0206.mp4
square_mh,207,unsure,,2026-05-12T00:17:34,/Users/jasonyan/Desktop/demonstration-information/observability_annotation_app/videos/square_mh/demo_0207.mp4
square_mh,208,partial,,2026-05-12T00:17:38,/Users/jasonyan/Desktop/demonstration-information/observability_annotation_app/videos/square_mh/demo_0208.mp4
square_mh,209,unsure,,2026-05-12T00:17:42,/Users/jasonyan/Desktop/demonstration-information/observability_annotation_app/videos/square_mh/demo_0209.mp4
square_mh,210,full,,2026-05-12T00:17:50,/Users/jasonyan/Desktop/demonstration-information/observability_annotation_app/videos/square_mh/demo_0210.mp4
square_mh,211,unsure,,2026-05-12T00:17:52,/Users/jasonyan/Desktop/demonstration-information/observability_annotation_app/videos/square_mh/demo_0211.mp4
square_mh,212,unsure,,2026-05-12T00:17:55,/Users/jasonyan/Desktop/demonstration-information/observability_annotation_app/videos/square_mh/demo_0212.mp4
square_mh,213,full,,2026-05-12T00:17:58,/Users/jasonyan/Desktop/demonstration-information/observability_annotation_app/videos/square_mh/demo_0213.mp4
square_mh,214,unsure,,2026-05-12T00:18:00,/Users/jasonyan/Desktop/demonstration-information/observability_annotation_app/videos/square_mh/demo_0214.mp4
square_mh,215,unsure,,2026-05-12T00:18:03,/Users/jasonyan/Desktop/demonstration-information/observability_annotation_app/videos/square_mh/demo_0215.mp4
square_mh,216,unsure,,2026-05-12T00:18:06,/Users/jasonyan/Desktop/demonstration-information/observability_annotation_app/videos/square_mh/demo_0216.mp4
square_mh,217,full,,2026-05-12T00:18:10,/Users/jasonyan/Desktop/demonstration-information/observability_annotation_app/videos/square_mh/demo_0217.mp4
square_mh,218,unsure,,2026-05-12T00:18:13,/Users/jasonyan/Desktop/demonstration-information/observability_annotation_app/videos/square_mh/demo_0218.mp4
square_mh,219,unsure,,2026-05-12T00:18:16,/Users/jasonyan/Desktop/demonstration-information/observability_annotation_app/videos/square_mh/demo_0219.mp4
square_mh,220,unsure,,2026-05-12T00:18:19,/Users/jasonyan/Desktop/demonstration-information/observability_annotation_app/videos/square_mh/demo_0220.mp4
square_mh,221,unsure,,2026-05-12T00:18:21,/Users/jasonyan/Desktop/demonstration-information/observability_annotation_app/videos/square_mh/demo_0221.mp4
square_mh,222,unsure,,2026-05-12T00:18:24,/Users/jasonyan/Desktop/demonstration-information/observability_annotation_app/videos/square_mh/demo_0222.mp4
square_mh,223,full,,2026-05-12T00:18:30,/Users/jasonyan/Desktop/demonstration-information/observability_annotation_app/videos/square_mh/demo_0223.mp4
square_mh,224,unsure,,2026-05-12T00:18:33,/Users/jasonyan/Desktop/demonstration-information/observability_annotation_app/videos/square_mh/demo_0224.mp4
square_mh,225,unsure,,2026-05-12T00:18:37,/Users/jasonyan/Desktop/demonstration-information/observability_annotation_app/videos/square_mh/demo_0225.mp4
square_mh,226,full,,2026-05-12T00:18:49,/Users/jasonyan/Desktop/demonstration-information/observability_annotation_app/videos/square_mh/demo_0226.mp4
square_mh,227,unsure,,2026-05-12T00:18:52,/Users/jasonyan/Desktop/demonstration-information/observability_annotation_app/videos/square_mh/demo_0227.mp4
square_mh,228,unsure,,2026-05-12T00:18:56,/Users/jasonyan/Desktop/demonstration-information/observability_annotation_app/videos/square_mh/demo_0228.mp4
square_mh,229,unsure,,2026-05-12T00:19:00,/Users/jasonyan/Desktop/demonstration-information/observability_annotation_app/videos/square_mh/demo_0229.mp4
square_mh,230,unsure,,2026-05-12T00:19:04,/Users/jasonyan/Desktop/demonstration-information/observability_annotation_app/videos/square_mh/demo_0230.mp4
square_mh,231,unsure,,2026-05-12T00:19:07,/Users/jasonyan/Desktop/demonstration-information/observability_annotation_app/videos/square_mh/demo_0231.mp4
square_mh,232,partial,,2026-05-12T00:19:13,/Users/jasonyan/Desktop/demonstration-information/observability_annotation_app/videos/square_mh/demo_0232.mp4
square_mh,233,unsure,,2026-05-12T00:19:17,/Users/jasonyan/Desktop/demonstration-information/observability_annotation_app/videos/square_mh/demo_0233.mp4
square_mh,234,unsure,,2026-05-12T00:19:20,/Users/jasonyan/Desktop/demonstration-information/observability_annotation_app/videos/square_mh/demo_0234.mp4
square_mh,235,full,,2026-05-12T00:19:28,/Users/jasonyan/Desktop/demonstration-information/observability_annotation_app/videos/square_mh/demo_0235.mp4
square_mh,236,partial,,2026-05-12T00:19:34,/Users/jasonyan/Desktop/demonstration-information/observability_annotation_app/videos/square_mh/demo_0236.mp4
square_mh,237,full,,2026-05-12T00:19:55,/Users/jasonyan/Desktop/demonstration-information/observability_annotation_app/videos/square_mh/demo_0237.mp4
square_mh,238,unsure,,2026-05-12T00:19:58,/Users/jasonyan/Desktop/demonstration-information/observability_annotation_app/videos/square_mh/demo_0238.mp4
square_mh,239,unsure,,2026-05-12T00:20:01,/Users/jasonyan/Desktop/demonstration-information/observability_annotation_app/videos/square_mh/demo_0239.mp4
square_mh,240,full,,2026-05-12T00:20:04,/Users/jasonyan/Desktop/demonstration-information/observability_annotation_app/videos/square_mh/demo_0240.mp4
square_mh,241,full,,2026-05-12T00:20:09,/Users/jasonyan/Desktop/demonstration-information/observability_annotation_app/videos/square_mh/demo_0241.mp4
square_mh,242,partial,,2026-05-12T00:20:13,/Users/jasonyan/Desktop/demonstration-information/observability_annotation_app/videos/square_mh/demo_0242.mp4
square_mh,243,partial,,2026-05-12T00:20:16,/Users/jasonyan/Desktop/demonstration-information/observability_annotation_app/videos/square_mh/demo_0243.mp4
square_mh,244,partial,,2026-05-12T00:20:18,/Users/jasonyan/Desktop/demonstration-information/observability_annotation_app/videos/square_mh/demo_0244.mp4
square_mh,245,unsure,,2026-05-12T00:20:21,/Users/jasonyan/Desktop/demonstration-information/observability_annotation_app/videos/square_mh/demo_0245.mp4
square_mh,246,partial,,2026-05-12T00:20:24,/Users/jasonyan/Desktop/demonstration-information/observability_annotation_app/videos/square_mh/demo_0246.mp4
square_mh,247,partial,,2026-05-12T00:20:28,/Users/jasonyan/Desktop/demonstration-information/observability_annotation_app/videos/square_mh/demo_0247.mp4
square_mh,248,full,,2026-05-12T00:20:31,/Users/jasonyan/Desktop/demonstration-information/observability_annotation_app/videos/square_mh/demo_0248.mp4
square_mh,249,full,,2026-05-12T00:20:38,/Users/jasonyan/Desktop/demonstration-information/observability_annotation_app/videos/square_mh/demo_0249.mp4
square_mh,250,full,,2026-05-12T00:20:41,/Users/jasonyan/Desktop/demonstration-information/observability_annotation_app/videos/square_mh/demo_0250.mp4
square_mh,251,unsure,,2026-05-12T00:20:45,/Users/jasonyan/Desktop/demonstration-information/observability_annotation_app/videos/square_mh/demo_0251.mp4
square_mh,252,partial,,2026-05-12T00:20:48,/Users/jasonyan/Desktop/demonstration-information/observability_annotation_app/videos/square_mh/demo_0252.mp4
square_mh,253,full,,2026-05-12T00:20:54,/Users/jasonyan/Desktop/demonstration-information/observability_annotation_app/videos/square_mh/demo_0253.mp4
square_mh,254,full,,2026-05-12T00:20:58,/Users/jasonyan/Desktop/demonstration-information/observability_annotation_app/videos/square_mh/demo_0254.mp4
square_mh,255,partial,,2026-05-12T00:21:02,/Users/jasonyan/Desktop/demonstration-information/observability_annotation_app/videos/square_mh/demo_0255.mp4
square_mh,256,partial,,2026-05-12T00:21:04,/Users/jasonyan/Desktop/demonstration-information/observability_annotation_app/videos/square_mh/demo_0256.mp4
square_mh,257,full,,2026-05-12T00:21:09,/Users/jasonyan/Desktop/demonstration-information/observability_annotation_app/videos/square_mh/demo_0257.mp4
square_mh,258,partial,,2026-05-12T00:21:12,/Users/jasonyan/Desktop/demonstration-information/observability_annotation_app/videos/square_mh/demo_0258.mp4
square_mh,259,partial,,2026-05-12T00:21:15,/Users/jasonyan/Desktop/demonstration-information/observability_annotation_app/videos/square_mh/demo_0259.mp4
square_mh,260,full,,2026-05-12T00:21:19,/Users/jasonyan/Desktop/demonstration-information/observability_annotation_app/videos/square_mh/demo_0260.mp4
square_mh,261,full,,2026-05-12T00:21:25,/Users/jasonyan/Desktop/demonstration-information/observability_annotation_app/videos/square_mh/demo_0261.mp4
square_mh,262,full,,2026-05-12T00:21:29,/Users/jasonyan/Desktop/demonstration-information/observability_annotation_app/videos/square_mh/demo_0262.mp4
square_mh,263,partial,,2026-05-12T00:21:33,/Users/jasonyan/Desktop/demonstration-information/observability_annotation_app/videos/square_mh/demo_0263.mp4
square_mh,264,partial,,2026-05-12T00:21:39,/Users/jasonyan/Desktop/demonstration-information/observability_annotation_app/videos/square_mh/demo_0264.mp4
square_mh,265,full,,2026-05-12T00:21:42,/Users/jasonyan/Desktop/demonstration-information/observability_annotation_app/videos/square_mh/demo_0265.mp4
square_mh,266,full,,2026-05-12T00:21:46,/Users/jasonyan/Desktop/demonstration-information/observability_annotation_app/videos/square_mh/demo_0266.mp4
square_mh,267,full,,2026-05-12T00:21:52,/Users/jasonyan/Desktop/demonstration-information/observability_annotation_app/videos/square_mh/demo_0267.mp4
square_mh,268,full,,2026-05-12T00:21:56,/Users/jasonyan/Desktop/demonstration-information/observability_annotation_app/videos/square_mh/demo_0268.mp4
square_mh,269,partial,,2026-05-12T00:21:59,/Users/jasonyan/Desktop/demonstration-information/observability_annotation_app/videos/square_mh/demo_0269.mp4
square_mh,270,partial,,2026-05-12T00:22:02,/Users/jasonyan/Desktop/demonstration-information/observability_annotation_app/videos/square_mh/demo_0270.mp4
square_mh,271,partial,,2026-05-12T00:22:06,/Users/jasonyan/Desktop/demonstration-information/observability_annotation_app/videos/square_mh/demo_0271.mp4
square_mh,272,full,,2026-05-12T00:22:09,/Users/jasonyan/Desktop/demonstration-information/observability_annotation_app/videos/square_mh/demo_0272.mp4
square_mh,273,full,,2026-05-12T00:22:12,/Users/jasonyan/Desktop/demonstration-information/observability_annotation_app/videos/square_mh/demo_0273.mp4
square_mh,274,partial,,2026-05-12T00:22:15,/Users/jasonyan/Desktop/demonstration-information/observability_annotation_app/videos/square_mh/demo_0274.mp4
square_mh,275,full,,2026-05-12T00:22:20,/Users/jasonyan/Desktop/demonstration-information/observability_annotation_app/videos/square_mh/demo_0275.mp4
square_mh,276,full,,2026-05-12T00:22:27,/Users/jasonyan/Desktop/demonstration-information/observability_annotation_app/videos/square_mh/demo_0276.mp4
square_mh,277,partial,,2026-05-12T00:22:33,/Users/jasonyan/Desktop/demonstration-information/observability_annotation_app/videos/square_mh/demo_0277.mp4
square_mh,278,partial,,2026-05-12T00:22:38,/Users/jasonyan/Desktop/demonstration-information/observability_annotation_app/videos/square_mh/demo_0278.mp4
square_mh,279,partial,,2026-05-12T00:22:42,/Users/jasonyan/Desktop/demonstration-information/observability_annotation_app/videos/square_mh/demo_0279.mp4
square_mh,280,full,,2026-05-12T00:22:45,/Users/jasonyan/Desktop/demonstration-information/observability_annotation_app/videos/square_mh/demo_0280.mp4
square_mh,281,partial,,2026-05-12T00:22:49,/Users/jasonyan/Desktop/demonstration-information/observability_annotation_app/videos/square_mh/demo_0281.mp4
square_mh,282,full,,2026-05-12T00:22:56,/Users/jasonyan/Desktop/demonstration-information/observability_annotation_app/videos/square_mh/demo_0282.mp4
square_mh,283,full,,2026-05-12T00:23:01,/Users/jasonyan/Desktop/demonstration-information/observability_annotation_app/videos/square_mh/demo_0283.mp4
square_mh,284,partial,,2026-05-12T00:23:05,/Users/jasonyan/Desktop/demonstration-information/observability_annotation_app/videos/square_mh/demo_0284.mp4
square_mh,285,partial,,2026-05-12T00:23:09,/Users/jasonyan/Desktop/demonstration-information/observability_annotation_app/videos/square_mh/demo_0285.mp4
square_mh,286,partial,,2026-05-12T00:23:12,/Users/jasonyan/Desktop/demonstration-information/observability_annotation_app/videos/square_mh/demo_0286.mp4
square_mh,287,full,,2026-05-12T00:23:17,/Users/jasonyan/Desktop/demonstration-information/observability_annotation_app/videos/square_mh/demo_0287.mp4
square_mh,288,full,,2026-05-12T00:23:22,/Users/jasonyan/Desktop/demonstration-information/observability_annotation_app/videos/square_mh/demo_0288.mp4
square_mh,289,full,,2026-05-12T00:23:35,/Users/jasonyan/Desktop/demonstration-information/observability_annotation_app/videos/square_mh/demo_0289.mp4
square_mh,290,partial,,2026-05-12T00:23:38,/Users/jasonyan/Desktop/demonstration-information/observability_annotation_app/videos/square_mh/demo_0290.mp4
square_mh,291,full,,2026-05-12T00:23:42,/Users/jasonyan/Desktop/demonstration-information/observability_annotation_app/videos/square_mh/demo_0291.mp4
square_mh,292,partial,,2026-05-12T00:23:46,/Users/jasonyan/Desktop/demonstration-information/observability_annotation_app/videos/square_mh/demo_0292.mp4
square_mh,293,partial,,2026-05-12T00:23:49,/Users/jasonyan/Desktop/demonstration-information/observability_annotation_app/videos/square_mh/demo_0293.mp4
square_mh,294,partial,,2026-05-12T00:23:52,/Users/jasonyan/Desktop/demonstration-information/observability_annotation_app/videos/square_mh/demo_0294.mp4
square_mh,295,full,,2026-05-12T00:23:55,/Users/jasonyan/Desktop/demonstration-information/observability_annotation_app/videos/square_mh/demo_0295.mp4
square_mh,296,full,,2026-05-12T00:23:59,/Users/jasonyan/Desktop/demonstration-information/observability_annotation_app/videos/square_mh/demo_0296.mp4
square_mh,297,full,,2026-05-12T00:24:03,/Users/jasonyan/Desktop/demonstration-information/observability_annotation_app/videos/square_mh/demo_0297.mp4
square_mh,298,full,,2026-05-12T00:24:07,/Users/jasonyan/Desktop/demonstration-information/observability_annotation_app/videos/square_mh/demo_0298.mp4
square_mh,299,partial,,2026-05-12T00:24:10,/Users/jasonyan/Desktop/demonstration-information/observability_annotation_app/videos/square_mh/demo_0299.mp4
square_ph,0,full,,2026-05-11T23:39:48,/Users/jasonyan/Desktop/demonstration-information/observability_annotation_app/videos/square_ph/demo_0000.mp4
square_ph,1,partial,,,/Users/jasonyan/Desktop/demonstration-information/square_ph_wrist_annotation_deploy/videos/demo_0001.mp4
square_ph,2,partial,,,/Users/jasonyan/Desktop/demonstration-information/square_ph_wrist_annotation_deploy/videos/demo_0002.mp4
square_ph,3,full,,,/Users/jasonyan/Desktop/demonstration-information/square_ph_wrist_annotation_deploy/videos/demo_0003.mp4
square_ph,4,full,,,/Users/jasonyan/Desktop/demonstration-information/square_ph_wrist_annotation_deploy/videos/demo_0004.mp4
square_ph,5,partial,,2026-05-11T23:40:45,/Users/jasonyan/Desktop/demonstration-information/observability_annotation_app/videos/square_ph/demo_0005.mp4
square_ph,6,full,,,/Users/jasonyan/Desktop/demonstration-information/square_ph_wrist_annotation_deploy/videos/demo_0006.mp4
square_ph,7,partial,,,/Users/jasonyan/Desktop/demonstration-information/square_ph_wrist_annotation_deploy/videos/demo_0007.mp4
square_ph,8,full,,,/Users/jasonyan/Desktop/demonstration-information/square_ph_wrist_annotation_deploy/videos/demo_0008.mp4
square_ph,9,partial,,,/Users/jasonyan/Desktop/demonstration-information/square_ph_wrist_annotation_deploy/videos/demo_0009.mp4
square_ph,10,partial,,,/Users/jasonyan/Desktop/demonstration-information/square_ph_wrist_annotation_deploy/videos/demo_0010.mp4
square_ph,11,full,,,/Users/jasonyan/Desktop/demonstration-information/square_ph_wrist_annotation_deploy/videos/demo_0011.mp4
square_ph,12,full,,,/Users/jasonyan/Desktop/demonstration-information/square_ph_wrist_annotation_deploy/videos/demo_0012.mp4
square_ph,13,full,,,/Users/jasonyan/Desktop/demonstration-information/square_ph_wrist_annotation_deploy/videos/demo_0013.mp4
square_ph,14,partial,,2026-05-11T23:40:47,/Users/jasonyan/Desktop/demonstration-information/observability_annotation_app/videos/square_ph/demo_0014.mp4
square_ph,15,partial,,,/Users/jasonyan/Desktop/demonstration-information/square_ph_wrist_annotation_deploy/videos/demo_0015.mp4
square_ph,16,full,,,/Users/jasonyan/Desktop/demonstration-information/square_ph_wrist_annotation_deploy/videos/demo_0016.mp4
square_ph,17,partial,,,/Users/jasonyan/Desktop/demonstration-information/square_ph_wrist_annotation_deploy/videos/demo_0017.mp4
square_ph,18,partial,,,/Users/jasonyan/Desktop/demonstration-information/square_ph_wrist_annotation_deploy/videos/demo_0018.mp4
square_ph,19,partial,,,/Users/jasonyan/Desktop/demonstration-information/square_ph_wrist_annotation_deploy/videos/demo_0019.mp4
square_ph,20,full,,,/Users/jasonyan/Desktop/demonstration-information/square_ph_wrist_annotation_deploy/videos/demo_0020.mp4
square_ph,21,full,,2026-05-11T23:40:50,/Users/jasonyan/Desktop/demonstration-information/observability_annotation_app/videos/square_ph/demo_0021.mp4
square_ph,22,full,,,/Users/jasonyan/Desktop/demonstration-information/square_ph_wrist_annotation_deploy/videos/demo_0022.mp4
square_ph,23,full,,,/Users/jasonyan/Desktop/demonstration-information/square_ph_wrist_annotation_deploy/videos/demo_0023.mp4
square_ph,24,full,,,/Users/jasonyan/Desktop/demonstration-information/square_ph_wrist_annotation_deploy/videos/demo_0024.mp4
square_ph,25,partial,,,/Users/jasonyan/Desktop/demonstration-information/square_ph_wrist_annotation_deploy/videos/demo_0025.mp4
square_ph,26,partial,,,/Users/jasonyan/Desktop/demonstration-information/square_ph_wrist_annotation_deploy/videos/demo_0026.mp4
square_ph,27,full,,2026-05-11T23:40:54,/Users/jasonyan/Desktop/demonstration-information/observability_annotation_app/videos/square_ph/demo_0027.mp4
square_ph,28,full,,,/Users/jasonyan/Desktop/demonstration-information/square_ph_wrist_annotation_deploy/videos/demo_0028.mp4
square_ph,29,partial,,,/Users/jasonyan/Desktop/demonstration-information/square_ph_wrist_annotation_deploy/videos/demo_0029.mp4
square_ph,30,partial,,,/Users/jasonyan/Desktop/demonstration-information/square_ph_wrist_annotation_deploy/videos/demo_0030.mp4
square_ph,31,full,,,/Users/jasonyan/Desktop/demonstration-information/square_ph_wrist_annotation_deploy/videos/demo_0031.mp4
square_ph,32,full,,2026-05-11T23:40:56,/Users/jasonyan/Desktop/demonstration-information/observability_annotation_app/videos/square_ph/demo_0032.mp4
square_ph,33,full,,,/Users/jasonyan/Desktop/demonstration-information/square_ph_wrist_annotation_deploy/videos/demo_0033.mp4
square_ph,34,full,,,/Users/jasonyan/Desktop/demonstration-information/square_ph_wrist_annotation_deploy/videos/demo_0034.mp4
square_ph,35,full,,,/Users/jasonyan/Desktop/demonstration-information/square_ph_wrist_annotation_deploy/videos/demo_0035.mp4
square_ph,36,full,,2026-05-11T23:41:00,/Users/jasonyan/Desktop/demonstration-information/observability_annotation_app/videos/square_ph/demo_0036.mp4
square_ph,37,partial,,,/Users/jasonyan/Desktop/demonstration-information/square_ph_wrist_annotation_deploy/videos/demo_0037.mp4
square_ph,38,full,,,/Users/jasonyan/Desktop/demonstration-information/square_ph_wrist_annotation_deploy/videos/demo_0038.mp4
square_ph,39,partial,,,/Users/jasonyan/Desktop/demonstration-information/square_ph_wrist_annotation_deploy/videos/demo_0039.mp4
square_ph,40,partial,,,/Users/jasonyan/Desktop/demonstration-information/square_ph_wrist_annotation_deploy/videos/demo_0040.mp4
square_ph,41,full,,,/Users/jasonyan/Desktop/demonstration-information/square_ph_wrist_annotation_deploy/videos/demo_0041.mp4
square_ph,42,full,,,/Users/jasonyan/Desktop/demonstration-information/square_ph_wrist_annotation_deploy/videos/demo_0042.mp4
square_ph,43,partial,,,/Users/jasonyan/Desktop/demonstration-information/square_ph_wrist_annotation_deploy/videos/demo_0043.mp4
square_ph,44,full,,2026-05-11T23:41:03,/Users/jasonyan/Desktop/demonstration-information/observability_annotation_app/videos/square_ph/demo_0044.mp4
square_ph,45,full,,,/Users/jasonyan/Desktop/demonstration-information/square_ph_wrist_annotation_deploy/videos/demo_0045.mp4
square_ph,46,full,,,/Users/jasonyan/Desktop/demonstration-information/square_ph_wrist_annotation_deploy/videos/demo_0046.mp4
square_ph,47,full,,,/Users/jasonyan/Desktop/demonstration-information/square_ph_wrist_annotation_deploy/videos/demo_0047.mp4
square_ph,48,partial,,,/Users/jasonyan/Desktop/demonstration-information/square_ph_wrist_annotation_deploy/videos/demo_0048.mp4
square_ph,49,full,,,/Users/jasonyan/Desktop/demonstration-information/square_ph_wrist_annotation_deploy/videos/demo_0049.mp4
square_ph,50,partial,,,/Users/jasonyan/Desktop/demonstration-information/square_ph_wrist_annotation_deploy/videos/demo_0050.mp4
square_ph,51,full,,,/Users/jasonyan/Desktop/demonstration-information/square_ph_wrist_annotation_deploy/videos/demo_0051.mp4
square_ph,52,partial,,,/Users/jasonyan/Desktop/demonstration-information/square_ph_wrist_annotation_deploy/videos/demo_0052.mp4
square_ph,53,partial,,,/Users/jasonyan/Desktop/demonstration-information/square_ph_wrist_annotation_deploy/videos/demo_0053.mp4
square_ph,54,full,,,/Users/jasonyan/Desktop/demonstration-information/square_ph_wrist_annotation_deploy/videos/demo_0054.mp4
square_ph,55,partial,,,/Users/jasonyan/Desktop/demonstration-information/square_ph_wrist_annotation_deploy/videos/demo_0055.mp4
square_ph,56,partial,,2026-05-11T23:41:06,/Users/jasonyan/Desktop/demonstration-information/observability_annotation_app/videos/square_ph/demo_0056.mp4
square_ph,57,full,,,/Users/jasonyan/Desktop/demonstration-information/square_ph_wrist_annotation_deploy/videos/demo_0057.mp4
square_ph,58,full,,,/Users/jasonyan/Desktop/demonstration-information/square_ph_wrist_annotation_deploy/videos/demo_0058.mp4
square_ph,59,full,,,/Users/jasonyan/Desktop/demonstration-information/square_ph_wrist_annotation_deploy/videos/demo_0059.mp4
square_ph,60,partial,,,/Users/jasonyan/Desktop/demonstration-information/square_ph_wrist_annotation_deploy/videos/demo_0060.mp4
square_ph,61,partial,,,/Users/jasonyan/Desktop/demonstration-information/square_ph_wrist_annotation_deploy/videos/demo_0061.mp4
square_ph,62,full,,,/Users/jasonyan/Desktop/demonstration-information/square_ph_wrist_annotation_deploy/videos/demo_0062.mp4
square_ph,63,full,,,/Users/jasonyan/Desktop/demonstration-information/square_ph_wrist_annotation_deploy/videos/demo_0063.mp4
square_ph,64,full,,,/Users/jasonyan/Desktop/demonstration-information/square_ph_wrist_annotation_deploy/videos/demo_0064.mp4
square_ph,65,full,,,/Users/jasonyan/Desktop/demonstration-information/square_ph_wrist_annotation_deploy/videos/demo_0065.mp4
square_ph,66,full,,,/Users/jasonyan/Desktop/demonstration-information/square_ph_wrist_annotation_deploy/videos/demo_0066.mp4
square_ph,67,partial,,,/Users/jasonyan/Desktop/demonstration-information/square_ph_wrist_annotation_deploy/videos/demo_0067.mp4
square_ph,68,full,,,/Users/jasonyan/Desktop/demonstration-information/square_ph_wrist_annotation_deploy/videos/demo_0068.mp4
square_ph,69,partial,,,/Users/jasonyan/Desktop/demonstration-information/square_ph_wrist_annotation_deploy/videos/demo_0069.mp4
square_ph,70,partial,,,/Users/jasonyan/Desktop/demonstration-information/square_ph_wrist_annotation_deploy/videos/demo_0070.mp4
square_ph,71,partial,,,/Users/jasonyan/Desktop/demonstration-information/square_ph_wrist_annotation_deploy/videos/demo_0071.mp4
square_ph,72,full,,,/Users/jasonyan/Desktop/demonstration-information/square_ph_wrist_annotation_deploy/videos/demo_0072.mp4
square_ph,73,partial,,,/Users/jasonyan/Desktop/demonstration-information/square_ph_wrist_annotation_deploy/videos/demo_0073.mp4
square_ph,74,partial,,,/Users/jasonyan/Desktop/demonstration-information/square_ph_wrist_annotation_deploy/videos/demo_0074.mp4
square_ph,75,partial,,,/Users/jasonyan/Desktop/demonstration-information/square_ph_wrist_annotation_deploy/videos/demo_0075.mp4
square_ph,76,partial,,,/Users/jasonyan/Desktop/demonstration-information/square_ph_wrist_annotation_deploy/videos/demo_0076.mp4
square_ph,77,full,,,/Users/jasonyan/Desktop/demonstration-information/square_ph_wrist_annotation_deploy/videos/demo_0077.mp4
square_ph,78,full,,,/Users/jasonyan/Desktop/demonstration-information/square_ph_wrist_annotation_deploy/videos/demo_0078.mp4
square_ph,79,partial,,,/Users/jasonyan/Desktop/demonstration-information/square_ph_wrist_annotation_deploy/videos/demo_0079.mp4
square_ph,80,full,,,/Users/jasonyan/Desktop/demonstration-information/square_ph_wrist_annotation_deploy/videos/demo_0080.mp4
square_ph,81,partial,,,/Users/jasonyan/Desktop/demonstration-information/square_ph_wrist_annotation_deploy/videos/demo_0081.mp4
square_ph,82,partial,,,/Users/jasonyan/Desktop/demonstration-information/square_ph_wrist_annotation_deploy/videos/demo_0082.mp4
square_ph,83,full,,,/Users/jasonyan/Desktop/demonstration-information/square_ph_wrist_annotation_deploy/videos/demo_0083.mp4
square_ph,84,full,,,/Users/jasonyan/Desktop/demonstration-information/square_ph_wrist_annotation_deploy/videos/demo_0084.mp4
square_ph,85,full,,,/Users/jasonyan/Desktop/demonstration-information/square_ph_wrist_annotation_deploy/videos/demo_0085.mp4
square_ph,86,full,,,/Users/jasonyan/Desktop/demonstration-information/square_ph_wrist_annotation_deploy/videos/demo_0086.mp4
square_ph,87,partial,,,/Users/jasonyan/Desktop/demonstration-information/square_ph_wrist_annotation_deploy/videos/demo_0087.mp4
square_ph,88,partial,,,/Users/jasonyan/Desktop/demonstration-information/square_ph_wrist_annotation_deploy/videos/demo_0088.mp4
square_ph,89,full,,,/Users/jasonyan/Desktop/demonstration-information/square_ph_wrist_annotation_deploy/videos/demo_0089.mp4
square_ph,90,partial,,,/Users/jasonyan/Desktop/demonstration-information/square_ph_wrist_annotation_deploy/videos/demo_0090.mp4
square_ph,91,full,,,/Users/jasonyan/Desktop/demonstration-information/square_ph_wrist_annotation_deploy/videos/demo_0091.mp4
square_ph,92,full,,,/Users/jasonyan/Desktop/demonstration-information/square_ph_wrist_annotation_deploy/videos/demo_0092.mp4
square_ph,93,full,,2026-05-11T23:41:10,/Users/jasonyan/Desktop/demonstration-information/observability_annotation_app/videos/square_ph/demo_0093.mp4
square_ph,94,full,,,/Users/jasonyan/Desktop/demonstration-information/square_ph_wrist_annotation_deploy/videos/demo_0094.mp4
square_ph,95,partial,,,/Users/jasonyan/Desktop/demonstration-information/square_ph_wrist_annotation_deploy/videos/demo_0095.mp4
square_ph,96,full,,,/Users/jasonyan/Desktop/demonstration-information/square_ph_wrist_annotation_deploy/videos/demo_0096.mp4
square_ph,97,full,,,/Users/jasonyan/Desktop/demonstration-information/square_ph_wrist_annotation_deploy/videos/demo_0097.mp4
square_ph,98,full,,,/Users/jasonyan/Desktop/demonstration-information/square_ph_wrist_annotation_deploy/videos/demo_0098.mp4
square_ph,99,full,,,/Users/jasonyan/Desktop/demonstration-information/square_ph_wrist_annotation_deploy/videos/demo_0099.mp4
square_ph,100,partial,,,/Users/jasonyan/Desktop/demonstration-information/square_ph_wrist_annotation_deploy/videos/demo_0100.mp4
square_ph,101,full,,,/Users/jasonyan/Desktop/demonstration-information/square_ph_wrist_annotation_deploy/videos/demo_0101.mp4
square_ph,102,partial,,,/Users/jasonyan/Desktop/demonstration-information/square_ph_wrist_annotation_deploy/videos/demo_0102.mp4
square_ph,103,partial,,2026-05-11T23:41:12,/Users/jasonyan/Desktop/demonstration-information/observability_annotation_app/videos/square_ph/demo_0103.mp4
square_ph,104,full,,,/Users/jasonyan/Desktop/demonstration-information/square_ph_wrist_annotation_deploy/videos/demo_0104.mp4
square_ph,105,full,,2026-05-11T23:41:13,/Users/jasonyan/Desktop/demonstration-information/observability_annotation_app/videos/square_ph/demo_0105.mp4
square_ph,106,full,,,/Users/jasonyan/Desktop/demonstration-information/square_ph_wrist_annotation_deploy/videos/demo_0106.mp4
square_ph,107,partial,,,/Users/jasonyan/Desktop/demonstration-information/square_ph_wrist_annotation_deploy/videos/demo_0107.mp4
square_ph,108,full,,,/Users/jasonyan/Desktop/demonstration-information/square_ph_wrist_annotation_deploy/videos/demo_0108.mp4
square_ph,109,partial,,,/Users/jasonyan/Desktop/demonstration-information/square_ph_wrist_annotation_deploy/videos/demo_0109.mp4
square_ph,110,partial,,,/Users/jasonyan/Desktop/demonstration-information/square_ph_wrist_annotation_deploy/videos/demo_0110.mp4
square_ph,111,full,,2026-05-11T23:41:17,/Users/jasonyan/Desktop/demonstration-information/observability_annotation_app/videos/square_ph/demo_0111.mp4
square_ph,112,full,,,/Users/jasonyan/Desktop/demonstration-information/square_ph_wrist_annotation_deploy/videos/demo_0112.mp4
square_ph,113,full,,,/Users/jasonyan/Desktop/demonstration-information/square_ph_wrist_annotation_deploy/videos/demo_0113.mp4
square_ph,114,full,,,/Users/jasonyan/Desktop/demonstration-information/square_ph_wrist_annotation_deploy/videos/demo_0114.mp4
square_ph,115,full,,,/Users/jasonyan/Desktop/demonstration-information/square_ph_wrist_annotation_deploy/videos/demo_0115.mp4
square_ph,116,partial,,,/Users/jasonyan/Desktop/demonstration-information/square_ph_wrist_annotation_deploy/videos/demo_0116.mp4
square_ph,117,full,,,/Users/jasonyan/Desktop/demonstration-information/square_ph_wrist_annotation_deploy/videos/demo_0117.mp4
square_ph,118,full,,,/Users/jasonyan/Desktop/demonstration-information/square_ph_wrist_annotation_deploy/videos/demo_0118.mp4
square_ph,119,full,,,/Users/jasonyan/Desktop/demonstration-information/square_ph_wrist_annotation_deploy/videos/demo_0119.mp4
square_ph,120,full,,,/Users/jasonyan/Desktop/demonstration-information/square_ph_wrist_annotation_deploy/videos/demo_0120.mp4
square_ph,121,full,,,/Users/jasonyan/Desktop/demonstration-information/square_ph_wrist_annotation_deploy/videos/demo_0121.mp4
square_ph,122,full,,,/Users/jasonyan/Desktop/demonstration-information/square_ph_wrist_annotation_deploy/videos/demo_0122.mp4
square_ph,123,partial,,,/Users/jasonyan/Desktop/demonstration-information/square_ph_wrist_annotation_deploy/videos/demo_0123.mp4
square_ph,124,full,,,/Users/jasonyan/Desktop/demonstration-information/square_ph_wrist_annotation_deploy/videos/demo_0124.mp4
square_ph,125,partial,,2026-05-11T23:41:19,/Users/jasonyan/Desktop/demonstration-information/observability_annotation_app/videos/square_ph/demo_0125.mp4
square_ph,126,partial,,,/Users/jasonyan/Desktop/demonstration-information/square_ph_wrist_annotation_deploy/videos/demo_0126.mp4
square_ph,127,partial,,,/Users/jasonyan/Desktop/demonstration-information/square_ph_wrist_annotation_deploy/videos/demo_0127.mp4
square_ph,128,partial,,,/Users/jasonyan/Desktop/demonstration-information/square_ph_wrist_annotation_deploy/videos/demo_0128.mp4
square_ph,129,partial,,,/Users/jasonyan/Desktop/demonstration-information/square_ph_wrist_annotation_deploy/videos/demo_0129.mp4
square_ph,130,full,,,/Users/jasonyan/Desktop/demonstration-information/square_ph_wrist_annotation_deploy/videos/demo_0130.mp4
square_ph,131,partial,,2026-05-11T23:41:22,/Users/jasonyan/Desktop/demonstration-information/observability_annotation_app/videos/square_ph/demo_0131.mp4
square_ph,132,partial,,,/Users/jasonyan/Desktop/demonstration-information/square_ph_wrist_annotation_deploy/videos/demo_0132.mp4
square_ph,133,partial,,,/Users/jasonyan/Desktop/demonstration-information/square_ph_wrist_annotation_deploy/videos/demo_0133.mp4
square_ph,134,full,,,/Users/jasonyan/Desktop/demonstration-information/square_ph_wrist_annotation_deploy/videos/demo_0134.mp4
square_ph,135,partial,,,/Users/jasonyan/Desktop/demonstration-information/square_ph_wrist_annotation_deploy/videos/demo_0135.mp4
square_ph,136,full,,,/Users/jasonyan/Desktop/demonstration-information/square_ph_wrist_annotation_deploy/videos/demo_0136.mp4
square_ph,137,full,,,/Users/jasonyan/Desktop/demonstration-information/square_ph_wrist_annotation_deploy/videos/demo_0137.mp4
square_ph,138,full,,,/Users/jasonyan/Desktop/demonstration-information/square_ph_wrist_annotation_deploy/videos/demo_0138.mp4
square_ph,139,full,,,/Users/jasonyan/Desktop/demonstration-information/square_ph_wrist_annotation_deploy/videos/demo_0139.mp4
square_ph,140,partial,,,/Users/jasonyan/Desktop/demonstration-information/square_ph_wrist_annotation_deploy/videos/demo_0140.mp4
square_ph,141,full,,,/Users/jasonyan/Desktop/demonstration-information/square_ph_wrist_annotation_deploy/videos/demo_0141.mp4
square_ph,142,partial,,,/Users/jasonyan/Desktop/demonstration-information/square_ph_wrist_annotation_deploy/videos/demo_0142.mp4
square_ph,143,full,,,/Users/jasonyan/Desktop/demonstration-information/square_ph_wrist_annotation_deploy/videos/demo_0143.mp4
square_ph,144,full,,,/Users/jasonyan/Desktop/demonstration-information/square_ph_wrist_annotation_deploy/videos/demo_0144.mp4
square_ph,145,partial,,,/Users/jasonyan/Desktop/demonstration-information/square_ph_wrist_annotation_deploy/videos/demo_0145.mp4
square_ph,146,full,,,/Users/jasonyan/Desktop/demonstration-information/square_ph_wrist_annotation_deploy/videos/demo_0146.mp4
square_ph,147,full,,,/Users/jasonyan/Desktop/demonstration-information/square_ph_wrist_annotation_deploy/videos/demo_0147.mp4
square_ph,148,partial,,,/Users/jasonyan/Desktop/demonstration-information/square_ph_wrist_annotation_deploy/videos/demo_0148.mp4
square_ph,149,partial,,,/Users/jasonyan/Desktop/demonstration-information/square_ph_wrist_annotation_deploy/videos/demo_0149.mp4
square_ph,150,partial,,,/Users/jasonyan/Desktop/demonstration-information/square_ph_wrist_annotation_deploy/videos/demo_0150.mp4
square_ph,151,full,,,/Users/jasonyan/Desktop/demonstration-information/square_ph_wrist_annotation_deploy/videos/demo_0151.mp4
square_ph,152,full,,,/Users/jasonyan/Desktop/demonstration-information/square_ph_wrist_annotation_deploy/videos/demo_0152.mp4
square_ph,153,partial,,,/Users/jasonyan/Desktop/demonstration-information/square_ph_wrist_annotation_deploy/videos/demo_0153.mp4
square_ph,154,full,,,/Users/jasonyan/Desktop/demonstration-information/square_ph_wrist_annotation_deploy/videos/demo_0154.mp4
square_ph,155,full,,2026-05-11T23:41:25,/Users/jasonyan/Desktop/demonstration-information/observability_annotation_app/videos/square_ph/demo_0155.mp4
square_ph,156,full,,,/Users/jasonyan/Desktop/demonstration-information/square_ph_wrist_annotation_deploy/videos/demo_0156.mp4
square_ph,157,full,,,/Users/jasonyan/Desktop/demonstration-information/square_ph_wrist_annotation_deploy/videos/demo_0157.mp4
square_ph,158,full,,,/Users/jasonyan/Desktop/demonstration-information/square_ph_wrist_annotation_deploy/videos/demo_0158.mp4
square_ph,159,partial,,,/Users/jasonyan/Desktop/demonstration-information/square_ph_wrist_annotation_deploy/videos/demo_0159.mp4
square_ph,160,full,,,/Users/jasonyan/Desktop/demonstration-information/square_ph_wrist_annotation_deploy/videos/demo_0160.mp4
square_ph,161,full,,,/Users/jasonyan/Desktop/demonstration-information/square_ph_wrist_annotation_deploy/videos/demo_0161.mp4
square_ph,162,full,,,/Users/jasonyan/Desktop/demonstration-information/square_ph_wrist_annotation_deploy/videos/demo_0162.mp4
square_ph,163,partial,,,/Users/jasonyan/Desktop/demonstration-information/square_ph_wrist_annotation_deploy/videos/demo_0163.mp4
square_ph,164,partial,,,/Users/jasonyan/Desktop/demonstration-information/square_ph_wrist_annotation_deploy/videos/demo_0164.mp4
square_ph,165,partial,,,/Users/jasonyan/Desktop/demonstration-information/square_ph_wrist_annotation_deploy/videos/demo_0165.mp4
square_ph,166,partial,,,/Users/jasonyan/Desktop/demonstration-information/square_ph_wrist_annotation_deploy/videos/demo_0166.mp4
square_ph,167,partial,,,/Users/jasonyan/Desktop/demonstration-information/square_ph_wrist_annotation_deploy/videos/demo_0167.mp4
square_ph,168,full,,2026-05-11T23:41:28,/Users/jasonyan/Desktop/demonstration-information/observability_annotation_app/videos/square_ph/demo_0168.mp4
square_ph,169,partial,,,/Users/jasonyan/Desktop/demonstration-information/square_ph_wrist_annotation_deploy/videos/demo_0169.mp4
square_ph,170,full,,,/Users/jasonyan/Desktop/demonstration-information/square_ph_wrist_annotation_deploy/videos/demo_0170.mp4
square_ph,171,partial,,,/Users/jasonyan/Desktop/demonstration-information/square_ph_wrist_annotation_deploy/videos/demo_0171.mp4
square_ph,172,partial,,,/Users/jasonyan/Desktop/demonstration-information/square_ph_wrist_annotation_deploy/videos/demo_0172.mp4
square_ph,173,full,,,/Users/jasonyan/Desktop/demonstration-information/square_ph_wrist_annotation_deploy/videos/demo_0173.mp4
square_ph,174,partial,,,/Users/jasonyan/Desktop/demonstration-information/square_ph_wrist_annotation_deploy/videos/demo_0174.mp4
square_ph,175,full,,,/Users/jasonyan/Desktop/demonstration-information/square_ph_wrist_annotation_deploy/videos/demo_0175.mp4
square_ph,176,full,,2026-05-11T23:41:30,/Users/jasonyan/Desktop/demonstration-information/observability_annotation_app/videos/square_ph/demo_0176.mp4
square_ph,177,partial,,,/Users/jasonyan/Desktop/demonstration-information/square_ph_wrist_annotation_deploy/videos/demo_0177.mp4
square_ph,178,partial,,,/Users/jasonyan/Desktop/demonstration-information/square_ph_wrist_annotation_deploy/videos/demo_0178.mp4
square_ph,179,full,,,/Users/jasonyan/Desktop/demonstration-information/square_ph_wrist_annotation_deploy/videos/demo_0179.mp4
square_ph,180,partial,,2026-05-11T23:41:31,/Users/jasonyan/Desktop/demonstration-information/observability_annotation_app/videos/square_ph/demo_0180.mp4
square_ph,181,partial,,,/Users/jasonyan/Desktop/demonstration-information/square_ph_wrist_annotation_deploy/videos/demo_0181.mp4
square_ph,182,partial,,,/Users/jasonyan/Desktop/demonstration-information/square_ph_wrist_annotation_deploy/videos/demo_0182.mp4
square_ph,183,partial,,,/Users/jasonyan/Desktop/demonstration-information/square_ph_wrist_annotation_deploy/videos/demo_0183.mp4
square_ph,184,partial,,,/Users/jasonyan/Desktop/demonstration-information/square_ph_wrist_annotation_deploy/videos/demo_0184.mp4
square_ph,185,full,,,/Users/jasonyan/Desktop/demonstration-information/square_ph_wrist_annotation_deploy/videos/demo_0185.mp4
square_ph,186,full,,,/Users/jasonyan/Desktop/demonstration-information/square_ph_wrist_annotation_deploy/videos/demo_0186.mp4
square_ph,187,partial,,,/Users/jasonyan/Desktop/demonstration-information/square_ph_wrist_annotation_deploy/videos/demo_0187.mp4
square_ph,188,partial,,,/Users/jasonyan/Desktop/demonstration-information/square_ph_wrist_annotation_deploy/videos/demo_0188.mp4
square_ph,189,partial,,,/Users/jasonyan/Desktop/demonstration-information/square_ph_wrist_annotation_deploy/videos/demo_0189.mp4
square_ph,190,full,,,/Users/jasonyan/Desktop/demonstration-information/square_ph_wrist_annotation_deploy/videos/demo_0190.mp4
square_ph,191,partial,,2026-05-11T23:41:33,/Users/jasonyan/Desktop/demonstration-information/observability_annotation_app/videos/square_ph/demo_0191.mp4
square_ph,192,partial,,,/Users/jasonyan/Desktop/demonstration-information/square_ph_wrist_annotation_deploy/videos/demo_0192.mp4
square_ph,193,partial,,,/Users/jasonyan/Desktop/demonstration-information/square_ph_wrist_annotation_deploy/videos/demo_0193.mp4
square_ph,194,partial,,,/Users/jasonyan/Desktop/demonstration-information/square_ph_wrist_annotation_deploy/videos/demo_0194.mp4
square_ph,195,full,,,/Users/jasonyan/Desktop/demonstration-information/square_ph_wrist_annotation_deploy/videos/demo_0195.mp4
square_ph,196,partial,,,/Users/jasonyan/Desktop/demonstration-information/square_ph_wrist_annotation_deploy/videos/demo_0196.mp4
square_ph,197,full,,,/Users/jasonyan/Desktop/demonstration-information/square_ph_wrist_annotation_deploy/videos/demo_0197.mp4
square_ph,198,full,,,/Users/jasonyan/Desktop/demonstration-information/square_ph_wrist_annotation_deploy/videos/demo_0198.mp4
square_ph,199,partial,,,/Users/jasonyan/Desktop/demonstration-information/square_ph_wrist_annotation_deploy/videos/demo_0199.mp4
