dataset,ep_idx,episode,observability,optimality,note,updated_at,videos
pen_in_cup,0,Sat_Jun__6_00:21:35_2026,full,better,,2026-06-08T15:12:55,"[""/Users/jasonyan/Desktop/demonstration-information/pen_in_cup_annotation_app/videos/proxy/000_Sat_Jun__6_00:21:35_2026.mp4""]"
pen_in_cup,1,Sat_Jun__6_00:22:00_2026,full,okay,,2026-06-08T15:23:07,"[""/Users/jasonyan/Desktop/demonstration-information/pen_in_cup_annotation_app/videos/proxy/001_Sat_Jun__6_00:22:00_2026.mp4""]"
pen_in_cup,2,Sat_Jun__6_00:24:52_2026,full,okay,,2026-06-08T15:25:15,"[""/Users/jasonyan/Desktop/demonstration-information/pen_in_cup_annotation_app/videos/proxy/002_Sat_Jun__6_00:24:52_2026.mp4""]"
pen_in_cup,3,Sat_Jun__6_00:25:51_2026,full,better,,2026-06-08T15:13:56,"[""/Users/jasonyan/Desktop/demonstration-information/pen_in_cup_annotation_app/videos/proxy/003_Sat_Jun__6_00:25:51_2026.mp4""]"
pen_in_cup,4,Sat_Jun__6_00:26:26_2026,full,okay,,2026-06-08T15:23:56,"[""/Users/jasonyan/Desktop/demonstration-information/pen_in_cup_annotation_app/videos/proxy/004_Sat_Jun__6_00:26:26_2026.mp4""]"
pen_in_cup,5,Sat_Jun__6_00:27:00_2026,full,better,,2026-06-08T15:14:24,"[""/Users/jasonyan/Desktop/demonstration-information/pen_in_cup_annotation_app/videos/proxy/005_Sat_Jun__6_00:27:00_2026.mp4""]"
pen_in_cup,6,Sat_Jun__6_00:27:37_2026,full,okay,,2026-06-08T15:26:18,"[""/Users/jasonyan/Desktop/demonstration-information/pen_in_cup_annotation_app/videos/proxy/006_Sat_Jun__6_00:27:37_2026.mp4""]"
pen_in_cup,7,Sat_Jun__6_00:28:54_2026,partial,okay,,2026-06-08T15:26:24,"[""/Users/jasonyan/Desktop/demonstration-information/pen_in_cup_annotation_app/videos/proxy/007_Sat_Jun__6_00:28:54_2026.mp4""]"
pen_in_cup,8,Sat_Jun__6_00:30:07_2026,partial,okay,,2026-06-08T15:26:59,"[""/Users/jasonyan/Desktop/demonstration-information/pen_in_cup_annotation_app/videos/proxy/008_Sat_Jun__6_00:30:07_2026.mp4""]"
pen_in_cup,9,Sat_Jun__6_00:31:28_2026,full,okay,,2026-06-08T15:16:04,"[""/Users/jasonyan/Desktop/demonstration-information/pen_in_cup_annotation_app/videos/proxy/009_Sat_Jun__6_00:31:28_2026.mp4""]"
pen_in_cup,10,Sat_Jun__6_00:33:10_2026,full,okay,,2026-06-08T15:27:22,"[""/Users/jasonyan/Desktop/demonstration-information/pen_in_cup_annotation_app/videos/proxy/010_Sat_Jun__6_00:33:10_2026.mp4""]"
pen_in_cup,11,Sat_Jun__6_00:33:46_2026,partial,okay,,2026-06-08T15:27:39,"[""/Users/jasonyan/Desktop/demonstration-information/pen_in_cup_annotation_app/videos/proxy/011_Sat_Jun__6_00:33:46_2026.mp4""]"
pen_in_cup,12,Sat_Jun__6_00:36:06_2026,partial,okay,,2026-06-08T15:27:47,"[""/Users/jasonyan/Desktop/demonstration-information/pen_in_cup_annotation_app/videos/proxy/012_Sat_Jun__6_00:36:06_2026.mp4""]"
pen_in_cup,13,Sat_Jun__6_00:36:56_2026,partial,okay,,2026-06-08T15:20:11,"[""/Users/jasonyan/Desktop/demonstration-information/pen_in_cup_annotation_app/videos/proxy/013_Sat_Jun__6_00:36:56_2026.mp4""]"
pen_in_cup,14,Sat_Jun__6_00:38:25_2026,partial,okay,,2026-06-08T15:20:43,"[""/Users/jasonyan/Desktop/demonstration-information/pen_in_cup_annotation_app/videos/proxy/014_Sat_Jun__6_00:38:25_2026.mp4""]"
pen_in_cup,15,Sat_Jun__6_00:40:08_2026,partial,okay,,2026-06-08T15:28:38,"[""/Users/jasonyan/Desktop/demonstration-information/pen_in_cup_annotation_app/videos/proxy/015_Sat_Jun__6_00:40:08_2026.mp4""]"
pen_in_cup,16,Sat_Jun__6_00:40:48_2026,partial,better,,2026-06-08T15:28:59,"[""/Users/jasonyan/Desktop/demonstration-information/pen_in_cup_annotation_app/videos/proxy/016_Sat_Jun__6_00:40:48_2026.mp4""]"
pen_in_cup,17,Sat_Jun__6_00:41:34_2026,full,better,,2026-06-08T15:21:47,"[""/Users/jasonyan/Desktop/demonstration-information/pen_in_cup_annotation_app/videos/proxy/017_Sat_Jun__6_00:41:34_2026.mp4""]"
pen_in_cup,18,Sat_Jun__6_00:43:08_2026,full,okay,,2026-06-08T15:29:23,"[""/Users/jasonyan/Desktop/demonstration-information/pen_in_cup_annotation_app/videos/proxy/018_Sat_Jun__6_00:43:08_2026.mp4""]"
pen_in_cup,19,Sat_Jun__6_00:45:14_2026,partial,okay,,2026-06-08T15:29:51,"[""/Users/jasonyan/Desktop/demonstration-information/pen_in_cup_annotation_app/videos/proxy/019_Sat_Jun__6_00:45:14_2026.mp4""]"
pen_in_cup,20,Sat_Jun__6_00:45:49_2026,partial,better,,2026-06-08T15:30:33,"[""/Users/jasonyan/Desktop/demonstration-information/pen_in_cup_annotation_app/videos/proxy/020_Sat_Jun__6_00:45:49_2026.mp4""]"
pen_in_cup,21,Sat_Jun__6_00:46:41_2026,full,okay,,2026-06-08T15:31:06,"[""/Users/jasonyan/Desktop/demonstration-information/pen_in_cup_annotation_app/videos/proxy/021_Sat_Jun__6_00:46:41_2026.mp4""]"
pen_in_cup,22,Sat_Jun__6_00:48:43_2026,partial,okay,,2026-06-08T15:31:28,"[""/Users/jasonyan/Desktop/demonstration-information/pen_in_cup_annotation_app/videos/proxy/022_Sat_Jun__6_00:48:43_2026.mp4""]"
pen_in_cup,23,Sat_Jun__6_00:49:23_2026,full,better,,2026-06-08T15:31:41,"[""/Users/jasonyan/Desktop/demonstration-information/pen_in_cup_annotation_app/videos/proxy/023_Sat_Jun__6_00:49:23_2026.mp4""]"
pen_in_cup,24,Sat_Jun__6_00:49:58_2026,partial,okay,,2026-06-08T15:32:10,"[""/Users/jasonyan/Desktop/demonstration-information/pen_in_cup_annotation_app/videos/proxy/024_Sat_Jun__6_00:49:58_2026.mp4""]"
pen_in_cup,25,Sat_Jun__6_00:50:37_2026,full,better,,2026-06-08T15:32:36,"[""/Users/jasonyan/Desktop/demonstration-information/pen_in_cup_annotation_app/videos/proxy/025_Sat_Jun__6_00:50:37_2026.mp4""]"
pen_in_cup,26,Sat_Jun__6_00:51:25_2026,full,better,,2026-06-08T15:32:53,"[""/Users/jasonyan/Desktop/demonstration-information/pen_in_cup_annotation_app/videos/proxy/026_Sat_Jun__6_00:51:25_2026.mp4""]"
pen_in_cup,27,Sat_Jun__6_00:52:38_2026,partial,better,,2026-06-08T15:33:02,"[""/Users/jasonyan/Desktop/demonstration-information/pen_in_cup_annotation_app/videos/proxy/027_Sat_Jun__6_00:52:38_2026.mp4""]"
pen_in_cup,28,Sat_Jun__6_00:53:09_2026,full,better,,2026-06-08T15:33:10,"[""/Users/jasonyan/Desktop/demonstration-information/pen_in_cup_annotation_app/videos/proxy/028_Sat_Jun__6_00:53:09_2026.mp4""]"
pen_in_cup,29,Sat_Jun__6_00:53:51_2026,full,better,,2026-06-08T15:33:19,"[""/Users/jasonyan/Desktop/demonstration-information/pen_in_cup_annotation_app/videos/proxy/029_Sat_Jun__6_00:53:51_2026.mp4""]"
pen_in_cup,30,Sat_Jun__6_00:55:09_2026,partial,better,,2026-06-08T15:33:36,"[""/Users/jasonyan/Desktop/demonstration-information/pen_in_cup_annotation_app/videos/proxy/030_Sat_Jun__6_00:55:09_2026.mp4""]"
pen_in_cup,31,Sat_Jun__6_00:55:46_2026,full,better,,2026-06-08T16:09:54,"[""/Users/jasonyan/Desktop/demonstration-information/pen_in_cup_annotation_app/videos/proxy/031_Sat_Jun__6_00:55:46_2026.mp4""]"
pen_in_cup,32,Sat_Jun__6_00:56:34_2026,full,better,,2026-06-08T16:12:44,"[""/Users/jasonyan/Desktop/demonstration-information/pen_in_cup_annotation_app/videos/proxy/032_Sat_Jun__6_00:56:34_2026.mp4""]"
pen_in_cup,33,Sat_Jun__6_00:57:50_2026,full,okay,,2026-06-08T16:12:57,"[""/Users/jasonyan/Desktop/demonstration-information/pen_in_cup_annotation_app/videos/proxy/033_Sat_Jun__6_00:57:50_2026.mp4""]"
pen_in_cup,34,Sat_Jun__6_00:58:43_2026,full,okay,,2026-06-08T16:13:02,"[""/Users/jasonyan/Desktop/demonstration-information/pen_in_cup_annotation_app/videos/proxy/034_Sat_Jun__6_00:58:43_2026.mp4""]"
pen_in_cup,35,Sat_Jun__6_00:59:39_2026,partial,okay,,2026-06-08T16:13:25,"[""/Users/jasonyan/Desktop/demonstration-information/pen_in_cup_annotation_app/videos/proxy/035_Sat_Jun__6_00:59:39_2026.mp4""]"
pen_in_cup,36,Sat_Jun__6_01:00:13_2026,full,okay,,2026-06-08T16:13:33,"[""/Users/jasonyan/Desktop/demonstration-information/pen_in_cup_annotation_app/videos/proxy/036_Sat_Jun__6_01:00:13_2026.mp4""]"
pen_in_cup,37,Sat_Jun__6_01:01:43_2026,full,okay,,2026-06-08T16:13:49,"[""/Users/jasonyan/Desktop/demonstration-information/pen_in_cup_annotation_app/videos/proxy/037_Sat_Jun__6_01:01:43_2026.mp4""]"
pen_in_cup,38,Sat_Jun__6_01:03:10_2026,full,better,,2026-06-08T16:13:54,"[""/Users/jasonyan/Desktop/demonstration-information/pen_in_cup_annotation_app/videos/proxy/038_Sat_Jun__6_01:03:10_2026.mp4""]"
pen_in_cup,39,Sat_Jun__6_01:03:49_2026,full,better,,2026-06-08T16:14:02,"[""/Users/jasonyan/Desktop/demonstration-information/pen_in_cup_annotation_app/videos/proxy/039_Sat_Jun__6_01:03:49_2026.mp4""]"
pen_in_cup,40,Sat_Jun__6_01:04:24_2026,full,better,,2026-06-08T16:14:06,"[""/Users/jasonyan/Desktop/demonstration-information/pen_in_cup_annotation_app/videos/proxy/040_Sat_Jun__6_01:04:24_2026.mp4""]"
pen_in_cup,41,Sat_Jun__6_01:04:59_2026,partial,better,,2026-06-08T16:14:12,"[""/Users/jasonyan/Desktop/demonstration-information/pen_in_cup_annotation_app/videos/proxy/041_Sat_Jun__6_01:04:59_2026.mp4""]"
pen_in_cup,42,Sat_Jun__6_01:07:40_2026,full,better,,2026-06-08T16:14:17,"[""/Users/jasonyan/Desktop/demonstration-information/pen_in_cup_annotation_app/videos/proxy/042_Sat_Jun__6_01:07:40_2026.mp4""]"
pen_in_cup,43,Sat_Jun__6_01:10:13_2026,full,better,,2026-06-08T16:14:21,"[""/Users/jasonyan/Desktop/demonstration-information/pen_in_cup_annotation_app/videos/proxy/043_Sat_Jun__6_01:10:13_2026.mp4""]"
pen_in_cup,44,Sat_Jun__6_01:11:09_2026,full,okay,,2026-06-08T16:14:41,"[""/Users/jasonyan/Desktop/demonstration-information/pen_in_cup_annotation_app/videos/proxy/044_Sat_Jun__6_01:11:09_2026.mp4""]"
pen_in_cup,45,Sat_Jun__6_01:11:36_2026,partial,okay,,2026-06-08T16:15:05,"[""/Users/jasonyan/Desktop/demonstration-information/pen_in_cup_annotation_app/videos/proxy/045_Sat_Jun__6_01:11:36_2026.mp4""]"
pen_in_cup,46,Sat_Jun__6_01:12:25_2026,full,okay,,2026-06-08T16:15:15,"[""/Users/jasonyan/Desktop/demonstration-information/pen_in_cup_annotation_app/videos/proxy/046_Sat_Jun__6_01:12:25_2026.mp4""]"
pen_in_cup,47,Sat_Jun__6_01:30:12_2026,full,better,,2026-06-08T16:15:20,"[""/Users/jasonyan/Desktop/demonstration-information/pen_in_cup_annotation_app/videos/proxy/047_Sat_Jun__6_01:30:12_2026.mp4""]"
pen_in_cup,48,Sat_Jun__6_01:30:39_2026,full,better,,2026-06-08T16:15:29,"[""/Users/jasonyan/Desktop/demonstration-information/pen_in_cup_annotation_app/videos/proxy/048_Sat_Jun__6_01:30:39_2026.mp4""]"
pen_in_cup,49,Sat_Jun__6_01:31:07_2026,full,okay,,2026-06-08T16:15:56,"[""/Users/jasonyan/Desktop/demonstration-information/pen_in_cup_annotation_app/videos/proxy/049_Sat_Jun__6_01:31:07_2026.mp4""]"
pen_in_cup,50,Sat_Jun__6_01:31:33_2026,full,better,,2026-06-08T16:16:23,"[""/Users/jasonyan/Desktop/demonstration-information/pen_in_cup_annotation_app/videos/proxy/050_Sat_Jun__6_01:31:33_2026.mp4""]"
pen_in_cup,51,Sun_Jun__7_12:14:28_2026,full,better,,2026-06-08T16:16:31,"[""/Users/jasonyan/Desktop/demonstration-information/pen_in_cup_annotation_app/videos/proxy/051_Sun_Jun__7_12:14:28_2026.mp4""]"
pen_in_cup,52,Sun_Jun__7_12:18:51_2026,full,better,,2026-06-08T16:16:39,"[""/Users/jasonyan/Desktop/demonstration-information/pen_in_cup_annotation_app/videos/proxy/052_Sun_Jun__7_12:18:51_2026.mp4""]"
pen_in_cup,53,Sun_Jun__7_12:19:18_2026,partial,better,,2026-06-08T16:17:03,"[""/Users/jasonyan/Desktop/demonstration-information/pen_in_cup_annotation_app/videos/proxy/053_Sun_Jun__7_12:19:18_2026.mp4""]"
pen_in_cup,54,Sun_Jun__7_12:20:19_2026,full,better,,2026-06-08T16:17:18,"[""/Users/jasonyan/Desktop/demonstration-information/pen_in_cup_annotation_app/videos/proxy/054_Sun_Jun__7_12:20:19_2026.mp4""]"
pen_in_cup,55,Sun_Jun__7_12:22:13_2026,full,okay,,2026-06-08T16:17:30,"[""/Users/jasonyan/Desktop/demonstration-information/pen_in_cup_annotation_app/videos/proxy/055_Sun_Jun__7_12:22:13_2026.mp4""]"
pen_in_cup,56,Sun_Jun__7_12:23:00_2026,full,better,,2026-06-08T16:17:36,"[""/Users/jasonyan/Desktop/demonstration-information/pen_in_cup_annotation_app/videos/proxy/056_Sun_Jun__7_12:23:00_2026.mp4""]"
pen_in_cup,57,Sun_Jun__7_12:26:19_2026,full,better,,2026-06-08T16:17:41,"[""/Users/jasonyan/Desktop/demonstration-information/pen_in_cup_annotation_app/videos/proxy/057_Sun_Jun__7_12:26:19_2026.mp4""]"
pen_in_cup,58,Sun_Jun__7_12:30:39_2026,partial,better,,2026-06-08T16:17:54,"[""/Users/jasonyan/Desktop/demonstration-information/pen_in_cup_annotation_app/videos/proxy/058_Sun_Jun__7_12:30:39_2026.mp4""]"
pen_in_cup,59,Sun_Jun__7_12:31:20_2026,full,better,,2026-06-08T16:17:59,"[""/Users/jasonyan/Desktop/demonstration-information/pen_in_cup_annotation_app/videos/proxy/059_Sun_Jun__7_12:31:20_2026.mp4""]"
pen_in_cup,60,Sun_Jun__7_12:33:06_2026,full,better,,2026-06-08T16:18:22,"[""/Users/jasonyan/Desktop/demonstration-information/pen_in_cup_annotation_app/videos/proxy/060_Sun_Jun__7_12:33:06_2026.mp4""]"
pen_in_cup,61,Sun_Jun__7_12:34:27_2026,full,better,,2026-06-08T16:18:30,"[""/Users/jasonyan/Desktop/demonstration-information/pen_in_cup_annotation_app/videos/proxy/061_Sun_Jun__7_12:34:27_2026.mp4""]"
pen_in_cup,62,Sun_Jun__7_12:36:28_2026,partial,better,,2026-06-08T16:18:37,"[""/Users/jasonyan/Desktop/demonstration-information/pen_in_cup_annotation_app/videos/proxy/062_Sun_Jun__7_12:36:28_2026.mp4""]"
pen_in_cup,63,Sun_Jun__7_12:37:43_2026,full,better,,2026-06-08T16:18:45,"[""/Users/jasonyan/Desktop/demonstration-information/pen_in_cup_annotation_app/videos/proxy/063_Sun_Jun__7_12:37:43_2026.mp4""]"
pen_in_cup,64,Sun_Jun__7_12:38:14_2026,full,better,,2026-06-08T16:18:57,"[""/Users/jasonyan/Desktop/demonstration-information/pen_in_cup_annotation_app/videos/proxy/064_Sun_Jun__7_12:38:14_2026.mp4""]"
pen_in_cup,65,Sun_Jun__7_12:39:32_2026,full,better,,2026-06-08T16:19:16,"[""/Users/jasonyan/Desktop/demonstration-information/pen_in_cup_annotation_app/videos/proxy/065_Sun_Jun__7_12:39:32_2026.mp4""]"
pen_in_cup,66,Sun_Jun__7_12:41:21_2026,partial,okay,,2026-06-08T16:19:30,"[""/Users/jasonyan/Desktop/demonstration-information/pen_in_cup_annotation_app/videos/proxy/066_Sun_Jun__7_12:41:21_2026.mp4""]"
pen_in_cup,67,Sun_Jun__7_12:42:15_2026,full,better,,2026-06-08T16:19:35,"[""/Users/jasonyan/Desktop/demonstration-information/pen_in_cup_annotation_app/videos/proxy/067_Sun_Jun__7_12:42:15_2026.mp4""]"
pen_in_cup,68,Sun_Jun__7_12:42:51_2026,partial,better,,2026-06-08T16:19:41,"[""/Users/jasonyan/Desktop/demonstration-information/pen_in_cup_annotation_app/videos/proxy/068_Sun_Jun__7_12:42:51_2026.mp4""]"
pen_in_cup,69,Sun_Jun__7_12:45:46_2026,partial,okay,,2026-06-08T16:19:47,"[""/Users/jasonyan/Desktop/demonstration-information/pen_in_cup_annotation_app/videos/proxy/069_Sun_Jun__7_12:45:46_2026.mp4""]"
pen_in_cup,70,Sun_Jun__7_12:50:32_2026,full,better,,2026-06-08T16:19:55,"[""/Users/jasonyan/Desktop/demonstration-information/pen_in_cup_annotation_app/videos/proxy/070_Sun_Jun__7_12:50:32_2026.mp4""]"
pen_in_cup,71,Sun_Jun__7_12:51:27_2026,full,better,,2026-06-08T16:20:06,"[""/Users/jasonyan/Desktop/demonstration-information/pen_in_cup_annotation_app/videos/proxy/071_Sun_Jun__7_12:51:27_2026.mp4""]"
pen_in_cup,72,Sun_Jun__7_12:53:19_2026,full,better,,2026-06-08T16:20:27,"[""/Users/jasonyan/Desktop/demonstration-information/pen_in_cup_annotation_app/videos/proxy/072_Sun_Jun__7_12:53:19_2026.mp4""]"
pen_in_cup,73,Sun_Jun__7_12:54:45_2026,partial,okay,,2026-06-08T16:20:44,"[""/Users/jasonyan/Desktop/demonstration-information/pen_in_cup_annotation_app/videos/proxy/073_Sun_Jun__7_12:54:45_2026.mp4""]"
pen_in_cup,74,Sun_Jun__7_12:55:24_2026,full,better,,2026-06-08T16:20:50,"[""/Users/jasonyan/Desktop/demonstration-information/pen_in_cup_annotation_app/videos/proxy/074_Sun_Jun__7_12:55:24_2026.mp4""]"
pen_in_cup,75,Sun_Jun__7_12:56:18_2026,partial,better,,2026-06-08T16:21:05,"[""/Users/jasonyan/Desktop/demonstration-information/pen_in_cup_annotation_app/videos/proxy/075_Sun_Jun__7_12:56:18_2026.mp4""]"
pen_in_cup,76,Sun_Jun__7_12:58:06_2026,full,better,,2026-06-08T16:21:09,"[""/Users/jasonyan/Desktop/demonstration-information/pen_in_cup_annotation_app/videos/proxy/076_Sun_Jun__7_12:58:06_2026.mp4""]"
pen_in_cup,77,Sun_Jun__7_12:59:11_2026,partial,better,,2026-06-08T16:21:15,"[""/Users/jasonyan/Desktop/demonstration-information/pen_in_cup_annotation_app/videos/proxy/077_Sun_Jun__7_12:59:11_2026.mp4""]"
pen_in_cup,78,Sun_Jun__7_12:59:46_2026,partial,okay,,2026-06-08T16:21:21,"[""/Users/jasonyan/Desktop/demonstration-information/pen_in_cup_annotation_app/videos/proxy/078_Sun_Jun__7_12:59:46_2026.mp4""]"
pen_in_cup,79,Sun_Jun__7_13:00:57_2026,full,better,,2026-06-08T16:21:26,"[""/Users/jasonyan/Desktop/demonstration-information/pen_in_cup_annotation_app/videos/proxy/079_Sun_Jun__7_13:00:57_2026.mp4""]"
pen_in_cup,80,Sun_Jun__7_13:03:22_2026,full,better,,2026-06-08T16:21:32,"[""/Users/jasonyan/Desktop/demonstration-information/pen_in_cup_annotation_app/videos/proxy/080_Sun_Jun__7_13:03:22_2026.mp4""]"
pen_in_cup,81,Sun_Jun__7_13:04:05_2026,full,better,,2026-06-08T16:21:46,"[""/Users/jasonyan/Desktop/demonstration-information/pen_in_cup_annotation_app/videos/proxy/081_Sun_Jun__7_13:04:05_2026.mp4""]"
pen_in_cup,82,Sun_Jun__7_13:04:58_2026,full,better,,2026-06-08T16:21:51,"[""/Users/jasonyan/Desktop/demonstration-information/pen_in_cup_annotation_app/videos/proxy/082_Sun_Jun__7_13:04:58_2026.mp4""]"
pen_in_cup,83,Sun_Jun__7_13:05:36_2026,full,better,,2026-06-08T16:21:56,"[""/Users/jasonyan/Desktop/demonstration-information/pen_in_cup_annotation_app/videos/proxy/083_Sun_Jun__7_13:05:36_2026.mp4""]"
pen_in_cup,84,Sun_Jun__7_13:06:16_2026,partial,better,,2026-06-08T16:22:06,"[""/Users/jasonyan/Desktop/demonstration-information/pen_in_cup_annotation_app/videos/proxy/084_Sun_Jun__7_13:06:16_2026.mp4""]"
pen_in_cup,85,Sun_Jun__7_13:07:22_2026,full,better,,2026-06-08T16:22:11,"[""/Users/jasonyan/Desktop/demonstration-information/pen_in_cup_annotation_app/videos/proxy/085_Sun_Jun__7_13:07:22_2026.mp4""]"
pen_in_cup,86,Sun_Jun__7_13:08:13_2026,full,better,,2026-06-08T16:22:15,"[""/Users/jasonyan/Desktop/demonstration-information/pen_in_cup_annotation_app/videos/proxy/086_Sun_Jun__7_13:08:13_2026.mp4""]"
pen_in_cup,87,Sun_Jun__7_13:08:41_2026,full,better,,2026-06-08T16:22:20,"[""/Users/jasonyan/Desktop/demonstration-information/pen_in_cup_annotation_app/videos/proxy/087_Sun_Jun__7_13:08:41_2026.mp4""]"
pen_in_cup,88,Sun_Jun__7_13:10:05_2026,full,better,,2026-06-08T16:22:25,"[""/Users/jasonyan/Desktop/demonstration-information/pen_in_cup_annotation_app/videos/proxy/088_Sun_Jun__7_13:10:05_2026.mp4""]"
pen_in_cup,89,Sun_Jun__7_13:11:11_2026,full,okay,,2026-06-08T16:22:31,"[""/Users/jasonyan/Desktop/demonstration-information/pen_in_cup_annotation_app/videos/proxy/089_Sun_Jun__7_13:11:11_2026.mp4""]"
pen_in_cup,90,Sun_Jun__7_13:12:05_2026,partial,better,,2026-06-08T16:22:45,"[""/Users/jasonyan/Desktop/demonstration-information/pen_in_cup_annotation_app/videos/proxy/090_Sun_Jun__7_13:12:05_2026.mp4""]"
pen_in_cup,91,Sun_Jun__7_13:13:04_2026,full,okay,,2026-06-08T16:22:51,"[""/Users/jasonyan/Desktop/demonstration-information/pen_in_cup_annotation_app/videos/proxy/091_Sun_Jun__7_13:13:04_2026.mp4""]"
pen_in_cup,92,Sun_Jun__7_13:13:40_2026,partial,better,,2026-06-08T16:22:57,"[""/Users/jasonyan/Desktop/demonstration-information/pen_in_cup_annotation_app/videos/proxy/092_Sun_Jun__7_13:13:40_2026.mp4""]"
pen_in_cup,93,Sun_Jun__7_13:14:29_2026,full,better,,2026-06-08T16:23:09,"[""/Users/jasonyan/Desktop/demonstration-information/pen_in_cup_annotation_app/videos/proxy/093_Sun_Jun__7_13:14:29_2026.mp4""]"
pen_in_cup,94,Sun_Jun__7_13:16:38_2026,full,better,,2026-06-08T16:23:15,"[""/Users/jasonyan/Desktop/demonstration-information/pen_in_cup_annotation_app/videos/proxy/094_Sun_Jun__7_13:16:38_2026.mp4""]"
pen_in_cup,95,Sun_Jun__7_13:17:15_2026,full,better,,2026-06-08T16:23:20,"[""/Users/jasonyan/Desktop/demonstration-information/pen_in_cup_annotation_app/videos/proxy/095_Sun_Jun__7_13:17:15_2026.mp4""]"
pen_in_cup,96,Sun_Jun__7_13:17:52_2026,full,better,,2026-06-08T16:23:30,"[""/Users/jasonyan/Desktop/demonstration-information/pen_in_cup_annotation_app/videos/proxy/096_Sun_Jun__7_13:17:52_2026.mp4""]"
pen_in_cup,97,Sun_Jun__7_13:19:17_2026,full,better,,2026-06-08T16:23:34,"[""/Users/jasonyan/Desktop/demonstration-information/pen_in_cup_annotation_app/videos/proxy/097_Sun_Jun__7_13:19:17_2026.mp4""]"
pen_in_cup,98,Sun_Jun__7_13:19:42_2026,partial,okay,,2026-06-08T16:23:48,"[""/Users/jasonyan/Desktop/demonstration-information/pen_in_cup_annotation_app/videos/proxy/098_Sun_Jun__7_13:19:42_2026.mp4""]"
pen_in_cup,99,Sun_Jun__7_13:20:22_2026,full,okay,,2026-06-08T16:23:58,"[""/Users/jasonyan/Desktop/demonstration-information/pen_in_cup_annotation_app/videos/proxy/099_Sun_Jun__7_13:20:22_2026.mp4""]"
pen_in_cup,100,Sun_Jun__7_13:22:29_2026,full,better,,2026-06-08T16:24:03,"[""/Users/jasonyan/Desktop/demonstration-information/pen_in_cup_annotation_app/videos/proxy/100_Sun_Jun__7_13:22:29_2026.mp4""]"
pen_in_cup,101,Sun_Jun__7_13:22:58_2026,full,okay,,2026-06-08T16:24:19,"[""/Users/jasonyan/Desktop/demonstration-information/pen_in_cup_annotation_app/videos/proxy/101_Sun_Jun__7_13:22:58_2026.mp4""]"
