ep_idx,data_cond_log_likelihood,data_mi_learned_marginal,data_mi_mc_marginal,data_mi_infonce,model_neg_cond_entropy,model_mi_reference_prior,model_mi_mc_marginal,model_mi_infonce,neg_h_data_cond,neg_h_model_cond,mi_data_direct,mi_data_mc_marginal,mi_model_direct,mi_model_mc_marginal
0,30.66863862182317,30.662049745575764,589.6498106463572,6.1678834395551565,35.48304504223084,35.48186657401953,584.4133040717478,6.205820039826584,30.66863862182317,35.48304504223084,30.662049745575764,589.6498106463572,35.48186657401953,584.4133040717478
1,30.80683613886076,30.691762937476707,630.0125020486731,6.166349857727404,35.41613611205375,35.27578515395481,628.8209885421902,6.225634877841933,30.80683613886076,35.41613611205375,30.691762937476707,630.0125020486731,35.27578515395481,628.8209885421902
2,31.974331268104347,32.614283039118796,886.6760089461868,6.2214561729270335,35.32565861263791,35.991684099145836,939.9016057156227,6.225610003204203,31.974331268104347,35.32565861263791,32.614283039118796,886.6760089461868,35.991684099145836,939.9016057156227
3,29.529736005159982,30.61593658727898,879.9245578749221,6.20923553149867,35.35292680126771,36.44162055798005,864.9907342275776,6.215130098378872,29.529736005159982,35.35292680126771,30.61593658727898,879.9245578749221,36.44162055798005,864.9907342275776
4,-370.8563727063742,-371.09907008751094,401.8430203554923,-172.37096599786148,35.46764983907778,35.18131106081065,882.4215433778819,6.2383246250393345,-370.8563727063742,35.46764983907778,-371.09907008751094,401.8430203554923,35.18131106081065,882.4215433778819
5,32.912831024119725,33.12015483253881,1145.1312792552144,6.235972958767042,35.34035847061559,35.53038481662148,1130.4737497317165,6.235595699654152,32.912831024119725,35.34035847061559,33.12015483253881,1145.1312792552144,35.53038481662148,1130.4737497317165
6,30.557546201190576,31.318961822222867,1144.0341053168422,6.223360562416011,35.284775114989216,36.034925498006075,1117.6038520183404,6.230599577490153,30.557546201190576,35.284775114989216,31.318961822222867,1144.0341053168422,36.034925498006075,1117.6038520183404
7,31.774972868747398,32.92384065826082,1246.5082763557225,6.198146309060949,35.42471198827191,36.572128952526654,1235.2153941230044,6.216158343477035,31.774972868747398,35.42471198827191,32.92384065826082,1246.5082763557225,36.572128952526654,1235.2153941230044
8,31.107667165890074,31.036307494194187,851.618822967797,6.218234266175639,35.54968739671317,35.49131467607286,874.2921255011307,6.209970115626931,31.107667165890074,35.54968739671317,31.036307494194187,851.618822967797,35.49131467607286,874.2921255011307
9,31.757666807496147,32.3949012595616,1017.7795172648483,6.152502006331801,35.331036106923996,35.99045654361168,1024.2091776065613,6.224132862727335,31.757666807496147,35.331036106923996,32.3949012595616,1017.7795172648483,35.99045654361168,1024.2091776065613
10,29.792790145344206,30.24749419424269,1421.766039387385,6.226529212417385,35.20628524356418,35.66998447312249,1410.5833190136486,6.223289705975981,29.792790145344206,35.20628524356418,30.24749419424269,1421.766039387385,35.66998447312249,1410.5833190136486
11,31.95509625967447,32.43015522213725,1232.0081282652818,6.223790569726725,35.34716250432002,35.79145683189491,1184.7299243060024,6.222952377990039,31.95509625967447,35.34716250432002,32.43015522213725,1232.0081282652818,35.79145683189491,1184.7299243060024
12,-592.4470534142861,-592.6633455382764,64.89588385663075,-179.7243506542607,35.487156507206805,35.19091664870813,539.5461842811003,6.227330790983622,-592.4470534142861,35.487156507206805,-592.6633455382764,64.89588385663075,35.19091664870813,539.5461842811003
13,31.877577797933057,32.08351415937597,1471.2517082907937,6.224762757364716,35.235888838768005,35.410827761346646,1414.8337627784772,6.223910784011113,31.877577797933057,35.235888838768005,32.08351415937597,1471.2517082907937,35.410827761346646,1414.8337627784772
14,33.137077375643514,33.26432631608379,1350.0725124171704,6.219868362927576,35.40969538275217,35.52194145511341,1307.6820640150522,6.231277642352758,33.137077375643514,35.40969538275217,33.26432631608379,1350.0725124171704,35.52194145511341,1307.6820640150522
15,28.847341176195066,29.9368058373337,1414.719622619969,6.204596871977479,35.0185340945103,36.130262273931905,1421.5731657753415,6.213832403252958,28.847341176195066,35.0185340945103,29.9368058373337,1414.719622619969,36.130262273931905,1421.5731657753415
16,-330.7068387552224,-330.7044730093486,478.98485537558213,-90.98258238121277,35.43300593596647,35.38113520205187,923.1192469796098,6.228488517709121,-330.7068387552224,35.43300593596647,-330.7044730093486,478.98485537558213,35.38113520205187,923.1192469796098
17,31.21579344890244,31.55368445377828,1087.253317320247,6.226282872369327,35.44438659646717,35.76976253328881,1088.3715837353784,6.226177866380119,31.21579344890244,35.44438659646717,31.55368445377828,1087.253317320247,35.76976253328881,1088.3715837353784
18,32.832964747885,32.66126869070357,914.1840163410574,6.223934103325698,35.36871230083963,35.19288479901742,907.0783480271049,6.2313520920261105,32.832964747885,35.36871230083963,32.66126869070357,914.1840163410574,35.19288479901742,907.0783480271049
19,32.562101353509846,33.32335956913515,913.6571002418284,6.213709991138225,35.47472544168031,36.2359061280997,904.5655914986698,6.22912591260239,32.562101353509846,35.47472544168031,33.32335956913515,913.6571002418284,36.2359061280997,904.5655914986698
20,31.0134321482558,31.46082739139858,977.7114799148158,6.2100085110810275,35.26505571917484,35.73624619057304,994.4189285165385,6.205423219691207,31.0134321482558,35.26505571917484,31.46082739139858,977.7114799148158,35.73624619057304,994.4189285165385
21,-1165.28540317461,-1164.2857075959528,-238.64164488428483,-625.6502751632224,35.42611076971283,36.20012663732332,710.8593539872874,6.230309016722937,-1165.28540317461,35.42611076971283,-1164.2857075959528,-238.64164488428483,36.20012663732332,710.8593539872874
22,31.146059264928834,30.682563030752238,645.1713357660361,6.2276512234503425,35.5287338797338,35.051326793286066,640.2746914180163,6.224105037761948,31.146059264928834,35.5287338797338,30.682563030752238,645.1713357660361,35.051326793286066,640.2746914180163
23,31.23285437929533,31.094320130932882,549.0569559611806,6.229326985983464,35.53218701230083,35.38234760585858,548.3727709681851,6.230968353248524,31.23285437929533,35.53218701230083,31.094320130932882,549.0569559611806,35.38234760585858,548.3727709681851
24,31.701366217843052,32.321570747116596,917.1114086721742,6.220845961175278,35.47196313218727,36.07919902220327,904.8817306581957,6.226734576505604,31.701366217843052,35.47196313218727,32.321570747116596,917.1114086721742,36.07919902220327,904.8817306581957
25,32.569026186225116,32.15706618716208,1101.8091940236895,6.2323930801264975,35.40539039654678,34.97572134853749,1070.6610290923816,6.232128211790117,32.569026186225116,35.40539039654678,32.15706618716208,1101.8091940236895,34.97572134853749,1070.6610290923816
26,32.45540148220013,33.51319729511744,733.5644864962082,6.2091995100430095,35.418783912362976,36.48148454375353,758.7083423057576,6.2297200161878,32.45540148220013,35.418783912362976,33.51319729511744,733.5644864962082,36.48148454375353,758.7083423057576
27,32.99782970671509,34.09720034612513,1246.1541502416298,6.233864131023143,35.33027644170618,36.44141708648766,1273.252715076436,6.2344303231385405,32.99782970671509,35.33027644170618,34.09720034612513,1246.1541502416298,36.44141708648766,1273.252715076436
28,30.1822331804137,30.53544762314365,752.5043522392572,6.216314468951384,35.431950329402305,35.796613810448676,745.3548311174915,6.213857108659281,30.1822331804137,35.431950329402305,30.53544762314365,752.5043522392572,35.796613810448676,745.3548311174915
29,32.08977515677666,31.91667524037929,585.8338664258285,6.236404386295667,35.44053045468317,35.263002321660686,595.9641628529556,6.236404513081219,32.08977515677666,35.44053045468317,31.91667524037929,585.8338664258285,35.263002321660686,595.9641628529556
30,30.125103298574686,30.99257061475267,1410.2174437443416,6.206503592148173,35.156727934877075,36.0290270447731,1423.0769875658054,6.2150017839765,30.125103298574686,35.156727934877075,30.99257061475267,1410.2174437443416,36.0290270447731,1423.0769875658054
31,29.369405936643567,29.873853195437118,1414.5333025386567,6.19818450658741,35.31257261154968,35.84127411814784,1422.9337133934043,6.228510190298375,29.369405936643567,35.31257261154968,29.873853195437118,1414.5333025386567,35.84127411814784,1422.9337133934043
32,32.221514074281714,32.31794453215325,703.4638569930504,6.22799601175151,35.50940914811759,35.59593946084209,696.458654474938,6.224597861695191,32.221514074281714,35.50940914811759,32.31794453215325,703.4638569930504,35.59593946084209,696.458654474938
33,31.029248854693243,31.497674962051775,1203.9978727613177,6.159027197773186,35.279970975817086,35.749814586479125,1210.5767143554046,6.224006755512709,31.029248854693243,35.279970975817086,31.497674962051775,1203.9978727613177,35.749814586479125,1210.5767143554046
34,-430.0184096868936,-430.25591610344975,284.0224006231729,-94.83569364706246,35.394812413005084,35.34670898635666,764.147608740918,6.1942919485297905,-430.0184096868936,35.394812413005084,-430.25591610344975,284.0224006231729,35.34670898635666,764.147608740918
35,32.28642486123478,32.26692841269753,997.5169846437832,6.22835514203232,35.362098678548065,35.32898519383395,986.9954425816867,6.22641237554695,32.28642486123478,35.362098678548065,32.26692841269753,997.5169846437832,35.32898519383395,986.9954425816867
36,-219.77629708708002,-219.7905153103089,491.50568825475284,-23.567642250158546,35.447975340853915,35.4805004677076,658.7039995193481,6.238324593839412,-219.77629708708002,35.447975340853915,-219.7905153103089,491.50568825475284,35.4805004677076,658.7039995193481
37,32.25985683262019,32.94102661912613,804.9669490203014,6.233268274894393,35.402769325846464,36.101050835288035,822.4350893049609,6.230283542276471,32.25985683262019,35.402769325846464,32.94102661912613,804.9669490203014,36.101050835288035,822.4350893049609
38,31.64815195357602,31.94872516821761,1003.3802782501305,6.133934096324741,35.36127850232204,35.66833292713481,984.5470911573968,6.1965785900740595,31.64815195357602,35.36127850232204,31.94872516821761,1003.3802782501305,35.66833292713481,984.5470911573968
39,25.415685276132177,25.522909475561463,680.2759531809787,6.2256154290075045,35.546517883927244,35.67207152962335,688.4197268961461,6.222122336320679,25.415685276132177,35.546517883927244,25.522909475561463,680.2759531809787,35.67207152962335,688.4197268961461
40,31.038228828269798,32.42177709373268,1551.5854243487568,6.218775775321982,35.31556398660929,36.71608533658781,1590.6309714288682,6.223992501616139,31.038228828269798,35.31556398660929,32.42177709373268,1551.5854243487568,36.71608533658781,1590.6309714288682
41,32.00592203090846,31.812831048520735,852.9481313833919,6.235218844952118,35.494178925153506,35.28093595949479,856.4589058204018,6.233039033168114,32.00592203090846,35.494178925153506,31.812831048520735,852.9481313833919,35.28093595949479,856.4589058204018
42,31.4979334958764,31.57015613067982,694.5114238040392,6.227449630311576,35.469331164692726,35.54926308920217,687.6946231237678,6.222532863280276,31.4979334958764,35.469331164692726,31.57015613067982,694.5114238040392,35.54926308920217,687.6946231237678
43,32.817715586013996,32.93600928689551,714.453694105774,6.225565998547238,35.524651820265404,35.62693649452189,706.2463970497212,6.226419405210442,32.817715586013996,35.524651820265404,32.93600928689551,714.453694105774,35.62693649452189,706.2463970497212
44,31.024728193023773,30.912326665803384,585.399111871633,6.212647583146416,35.46736423918848,35.35335986779896,610.4657689451811,6.221351944452112,31.024728193023773,35.46736423918848,30.912326665803384,585.399111871633,35.35335986779896,610.4657689451811
45,32.25334740242763,32.23896905274419,731.0408840792918,6.229785572169161,35.41679544058459,35.42086921937285,739.9069091451098,6.229714488495861,32.25334740242763,35.41679544058459,32.23896905274419,731.0408840792918,35.42086921937285,739.9069091451098
46,32.097920336621875,31.92993869172766,706.5379421660241,6.218619244667198,35.509630375720086,35.34033419223542,724.731810919782,6.210187947793683,32.097920336621875,35.509630375720086,31.92993869172766,706.5379421660241,35.34033419223542,724.731810919782
47,30.52287412800201,30.403036325271817,595.8187296305617,6.234504571297692,35.465287232072384,35.344130393250346,609.254192715475,6.2343326651756446,30.52287412800201,35.465287232072384,30.403036325271817,595.8187296305617,35.344130393250346,609.254192715475
48,30.80752381148366,31.60581309257904,1150.9475547316447,6.226218950107764,35.366140575078184,36.14509448012865,1105.7555478887061,6.221377362867186,30.80752381148366,35.366140575078184,31.60581309257904,1150.9475547316447,36.14509448012865,1105.7555478887061
49,30.9894543369924,31.05971585984618,658.2146693652696,6.214848194792915,35.516807270800975,35.56909169174555,652.262599539569,6.212392285264498,30.9894543369924,35.516807270800975,31.05971585984618,658.2146693652696,35.56909169174555,652.262599539569
50,32.099040263191945,31.953027766510093,625.3711832142409,6.204323031387547,35.484893777516966,35.327597207863235,625.6059569007192,6.229664429535918,32.099040263191945,35.484893777516966,31.953027766510093,625.3711832142409,35.327597207863235,625.6059569007192
51,30.60899454255344,31.323934725209988,764.3978250812552,6.234451934734459,35.4104219095667,36.122952796893415,776.2841790907876,6.234450287558154,30.60899454255344,35.4104219095667,31.323934725209988,764.3978250812552,36.122952796893415,776.2841790907876
52,30.04596521345417,29.78640344638503,1057.9806504356727,6.228480179190272,35.44233524665404,35.166991051663175,1028.140829202834,6.227104338891882,30.04596521345417,35.44233524665404,29.78640344638503,1057.9806504356727,35.166991051663175,1028.140829202834
53,32.29518247858683,33.5166240755717,1969.4545432688394,6.216986763834852,35.337959838867185,36.529521748860674,1913.8644227460225,6.207538355961101,32.29518247858683,35.337959838867185,33.5166240755717,1969.4545432688394,36.529521748860674,1913.8644227460225
54,30.878154220687314,31.03230876510854,1212.3313814856547,6.215503041163389,35.51225817900846,35.66362606250476,1222.757379770943,6.234353481121056,30.878154220687314,35.51225817900846,31.03230876510854,1212.3313814856547,35.66362606250476,1222.757379770943
55,32.3918274069108,32.37204061491641,1086.3846976164448,6.23632127877644,35.41473674222913,35.37444420081343,1100.956495196833,6.236321306898959,32.3918274069108,35.41473674222913,32.37204061491641,1086.3846976164448,35.37444420081343,1100.956495196833
56,-254.32771093117262,-254.24566209173489,386.0660697857063,-12.369163517696363,35.38502404218662,35.569577257076425,714.2537257714185,6.228453077027834,-254.32771093117262,35.38502404218662,-254.24566209173489,386.0660697857063,35.569577257076425,714.2537257714185
57,33.22721583520055,33.52869891632548,1165.7315335188375,6.172602887992483,35.52585792053691,35.814745607888305,1137.5497546427696,6.232748425232341,33.22721583520055,35.52585792053691,33.52869891632548,1165.7315335188375,35.814745607888305,1137.5497546427696
58,30.810636102660627,31.167451364278136,1011.4524630134099,6.229916686650161,35.32280860459509,35.68434466737689,1039.1016210774087,6.226421534788028,30.810636102660627,35.32280860459509,31.167451364278136,1011.4524630134099,35.68434466737689,1039.1016210774087
59,31.60356333580884,31.556815724481236,534.5328801220113,6.236261730365948,35.493550333109766,35.4424601576545,540.9694711159576,6.235124549818886,31.60356333580884,35.493550333109766,31.556815724481236,534.5328801220113,35.4424601576545,540.9694711159576
60,28.96822451479608,28.88839139085908,1507.1334302198954,6.205873504500099,35.24046569696352,35.162352434083736,1560.3332429971108,6.234324113069189,28.96822451479608,35.24046569696352,28.88839139085908,1507.1334302198954,35.162352434083736,1560.3332429971108
61,32.10795396018842,31.89721749273185,751.7869588546553,6.2132969087693635,35.49858837678364,35.27960797807989,766.1649099522688,6.231617360024401,32.10795396018842,35.49858837678364,31.89721749273185,751.7869588546553,35.27960797807989,766.1649099522688
62,30.999266399885173,30.986832633295556,988.9201387119584,6.227456243624411,35.49221953995731,35.46840221510021,959.6115599145219,6.2248867397127015,30.999266399885173,35.49221953995731,30.986832633295556,988.9201387119584,35.46840221510021,959.6115599145219
63,31.4836358522114,31.43292333703292,667.3512618416235,6.21533474049111,35.51738366076821,35.47415778511449,674.3913324607046,6.217131204833339,31.4836358522114,35.51738366076821,31.43292333703292,667.3512618416235,35.47415778511449,674.3913324607046
64,31.761295560806516,33.20201566484239,1031.242988374498,6.215976877829887,35.31194493127248,36.75872330438523,1041.9695682386873,6.22541564960786,31.761295560806516,35.31194493127248,33.20201566484239,1031.242988374498,36.75872330438523,1041.9695682386873
65,31.028523972829184,31.77783558654785,1611.4433558756512,6.236464465281337,35.209366622924804,35.96808053080241,1621.791878921509,6.236475252914508,31.028523972829184,35.209366622924804,31.77783558654785,1611.4433558756512,35.96808053080241,1621.791878921509
66,-380.09883496488646,-380.47517656038934,265.10060678409343,-39.41104798441699,35.52358967397919,35.17254246015353,521.4619101317397,6.231770430597334,-380.09883496488646,35.52358967397919,-380.47517656038934,265.10060678409343,35.17254246015353,521.4619101317397
67,32.35580987759563,32.403383884283585,775.1463636754419,6.041711395723757,35.46956744279398,35.5071439816214,779.8386728867241,6.226630558027515,32.35580987759563,35.46956744279398,32.403383884283585,775.1463636754419,35.5071439816214,779.8386728867241
68,31.713406025693658,31.670057161470478,881.7710204767377,6.235666590626669,35.51492273137811,35.464773944254674,893.9481868047393,6.2359371773434225,31.713406025693658,35.51492273137811,31.670057161470478,881.7710204767377,35.464773944254674,893.9481868047393
69,-678.9237219002474,-678.5497332828533,266.79610071539537,-330.2422080000914,35.464500713073555,35.73783692021878,852.7113325534018,6.230894424545006,-678.9237219002474,35.464500713073555,-678.5497332828533,266.79610071539537,35.73783692021878,852.7113325534018
70,30.805380126063742,31.349700923716085,669.4907570421026,6.228855667808424,35.460192873236835,36.02306778511304,694.4943666136667,6.227099557061262,30.805380126063742,35.460192873236835,31.349700923716085,669.4907570421026,36.02306778511304,694.4943666136667
71,32.506813780121185,32.55050624453503,616.0372464967811,6.144379945695912,35.55614733695984,35.60549681083016,619.1644152934136,6.211753053534714,32.506813780121185,35.55614733695984,32.55050624453503,616.0372464967811,35.60549681083016,619.1644152934136
72,33.43085749532275,34.10065888617323,874.9027869219607,6.234153454004909,35.48144408705321,36.1602983622971,909.1558745117385,6.234138319655151,33.43085749532275,35.48144408705321,34.10065888617323,874.9027869219607,36.1602983622971,909.1558745117385
73,30.39685006895844,31.791201984395787,845.0889047797846,6.199972290690933,35.259990794318064,36.66291193086274,848.2623764337326,6.222362458188177,30.39685006895844,35.259990794318064,31.791201984395787,845.0889047797846,36.66291193086274,848.2623764337326
74,29.799435495998203,30.79613108356019,1413.5877697022845,6.238324625039509,35.172548368448666,36.180810258913176,1411.5223429050286,6.238324625039509,29.799435495998203,35.172548368448666,30.79613108356019,1413.5877697022845,36.180810258913176,1411.5223429050286
75,30.221241087462772,31.22489596065597,935.8747368048672,6.133070265457197,35.23962568406442,36.24314744674151,934.51303120039,6.215100307886227,30.221241087462772,35.23962568406442,31.22489596065597,935.8747368048672,36.24314744674151,934.51303120039
76,31.852031911593027,32.04072324661393,1341.6667998615324,6.234724737079853,35.28085641910375,35.4463341174348,1285.9966436321872,6.23413621031328,31.852031911593027,35.28085641910375,32.04072324661393,1341.6667998615324,35.4463341174348,1285.9966436321872
77,32.735396044773694,33.44018630030274,781.1714782764906,6.226517094722858,35.43007759534781,36.16358324987056,825.9371582203962,6.231067045727223,32.735396044773694,35.43007759534781,33.44018630030274,781.1714782764906,36.16358324987056,825.9371582203962
78,31.713725566864014,32.300273506264936,975.8151938225094,6.230318790968304,35.2668977348428,35.879425506842765,998.1912632364975,6.22260892702485,31.713725566864014,35.2668977348428,32.300273506264936,975.8151938225094,35.879425506842765,998.1912632364975
79,30.986453008791567,30.972331578430893,951.4092354424888,6.238324625039509,35.46610841723132,35.44498560505529,950.7044129133924,6.2383246250394855,30.986453008791567,35.46610841723132,30.972331578430893,951.4092354424888,35.44498560505529,950.7044129133924
80,30.666713758676995,31.377026234020374,1154.2337503940785,6.171207158926055,35.43134822364615,36.13175359560328,1147.4255669938416,6.192749045430211,30.666713758676995,35.43134822364615,31.377026234020374,1154.2337503940785,36.13175359560328,1147.4255669938416
81,29.675498137460924,30.12679885208771,1572.178265048781,6.236415128673382,35.11050604723045,35.563723561520746,1577.9262539519423,6.236415128674329,29.675498137460924,35.11050604723045,30.12679885208771,1572.178265048781,35.563723561520746,1577.9262539519423
82,30.601703373032,30.561182911072542,880.4992703528859,6.230042243859252,35.4914890078444,35.462429065800194,886.3252683584415,6.226860871290324,30.601703373032,35.4914890078444,30.561182911072542,880.4992703528859,35.462429065800194,886.3252683584415
83,31.11287689343684,31.19429216916952,582.5996873553863,6.223034344061178,35.5230866394474,35.584856275784766,580.1770110534409,6.220470381004523,31.11287689343684,35.5230866394474,31.19429216916952,582.5996873553863,35.584856275784766,580.1770110534409
84,30.838889237373106,31.27682227729469,609.5278690861118,6.219668378622159,35.44379893682336,35.88063883525069,618.9327386848388,6.221230384888518,30.838889237373106,35.44379893682336,31.27682227729469,609.5278690861118,35.88063883525069,618.9327386848388
85,30.46696023883066,31.036940290572794,675.0318151143547,6.225972056761466,35.43147166521716,36.006312338414524,681.4861534475193,6.227948265814018,30.46696023883066,35.43147166521716,31.036940290572794,675.0318151143547,36.006312338414524,681.4861534475193
86,30.5931205407032,30.516856462257344,711.9639316421845,6.185810587195537,35.46626330739227,35.40806671269032,736.6026576935257,6.226212154191104,30.5931205407032,35.46626330739227,30.516856462257344,711.9639316421845,35.40806671269032,736.6026576935257
87,31.604205030947924,32.0951593965292,913.18653776745,6.203846926673674,35.373478611310325,35.87878588338693,926.9187487425903,6.209988209506413,31.604205030947924,35.373478611310325,32.0951593965292,913.18653776745,35.87878588338693,926.9187487425903
88,-447.59169859173653,-447.80315962433815,174.9766553215597,-267.67054260651867,35.50952060195221,35.35937112501298,578.3958124895205,6.219878706440845,-447.59169859173653,35.50952060195221,-447.80315962433815,174.9766553215597,35.35937112501298,578.3958124895205
89,32.96669025421143,33.53996979996965,787.1911966169203,6.231587194025188,35.46977091608821,36.03802609830289,784.8318641817248,6.226380832953421,32.96669025421143,35.46977091608821,33.53996979996965,787.1911966169203,36.03802609830289,784.8318641817248
90,30.445557881764003,30.11374255793435,665.3001472514017,6.080553537053823,35.51477264404297,35.16958448682512,691.4846640028272,6.218748473671961,30.445557881764003,35.51477264404297,30.11374255793435,665.3001472514017,35.16958448682512,691.4846640028272
91,31.9511053353469,32.389556100577195,731.2986618770528,6.227569310935955,35.438172646479515,35.88507683650252,718.19520626144,6.2262700741431996,31.9511053353469,35.438172646479515,32.389556100577195,731.2986618770528,35.88507683650252,718.19520626144
92,29.74697168138292,30.411459867159525,2068.5834976461197,6.233855055916721,35.10039812723796,35.780145443810355,2084.597753389676,6.234462255041948,29.74697168138292,35.10039812723796,30.411459867159525,2068.5834976461197,35.780145443810355,2084.597753389676
93,32.36978363660564,32.79641098328905,1426.46299480005,6.214631068407612,35.42203445645911,35.82477714348368,1377.4477133671662,6.214021357793323,32.36978363660564,35.42203445645911,32.79641098328905,1426.46299480005,35.82477714348368,1377.4477133671662
94,30.525755340086825,30.974892196085293,846.1597935034305,6.173234577901894,35.56665792548622,36.02702300402583,884.0222015881329,6.209364324089514,30.525755340086825,35.56665792548622,30.974892196085293,846.1597935034305,36.02702300402583,884.0222015881329
95,29.4084590913319,29.638227402437025,824.7017010886494,6.233325573837752,35.35996912165386,35.59899857567578,823.4978260514213,6.233434919856723,29.4084590913319,35.35996912165386,29.638227402437025,824.7017010886494,35.59899857567578,823.4978260514213
96,31.89824058511163,32.08161652020815,871.1186547683457,6.210944327196259,35.46016093431893,35.62937195556985,854.7963285675156,6.222403110609123,31.89824058511163,35.46016093431893,32.08161652020815,871.1186547683457,35.62937195556985,854.7963285675156
97,30.6886614743401,31.08018425212187,987.9353733679827,6.236285956548674,35.33908231398639,35.74043814715217,992.9349000818589,6.23628595621454,30.6886614743401,35.33908231398639,31.08018425212187,987.9353733679827,35.74043814715217,992.9349000818589
98,32.6478772724376,32.49524210761575,622.5793828571544,6.201425172132973,35.56105110505048,35.39909022275139,660.0556616138009,6.210801238523471,32.6478772724376,35.56105110505048,32.49524210761575,622.5793828571544,35.39909022275139,660.0556616138009
99,31.371615598569104,31.486018584213948,1602.1801795498482,6.231306834711496,35.51073625224595,35.59644616118371,1589.3862971107044,6.232023205258947,31.371615598569104,35.51073625224595,31.486018584213948,1602.1801795498482,35.59644616118371,1589.3862971107044
100,29.735706434814357,29.875831591377377,792.820430030704,6.231846047827306,35.44969903939981,35.60563646595797,819.6044452108698,6.231811780122861,29.735706434814357,35.44969903939981,29.875831591377377,792.820430030704,35.60563646595797,819.6044452108698
101,29.226883980807138,29.549547457695006,1155.1485286656548,6.230543546563269,35.35998025220983,35.68294396680944,1145.002879675697,6.231916771754588,29.226883980807138,35.35998025220983,29.549547457695006,1155.1485286656548,35.68294396680944,1145.002879675697
102,29.628077341289057,32.05070356624882,1119.289436722674,6.2024860096476715,35.25084681045718,37.71254666258649,1148.757084945353,6.234097798740714,29.628077341289057,35.25084681045718,32.05070356624882,1119.289436722674,37.71254666258649,1148.757084945353
103,-1493.5900253362433,-1490.7223125292658,-201.17297939921534,-1137.690313260927,35.027682533559876,37.127757286840634,1187.3452718646026,6.234679715959433,-1493.5900253362433,35.027682533559876,-1490.7223125292658,-201.17297939921534,37.127757286840634,1187.3452718646026
104,29.262637942140987,31.199233285133754,694.6064062402824,6.222886671139813,35.129311109299906,37.11441543496398,748.381842259146,6.2236413630412395,29.262637942140987,35.129311109299906,31.199233285133754,694.6064062402824,37.11441543496398,748.381842259146
105,-970.8179999807263,-969.426681285405,-4.02197808850536,-549.5454281290796,35.37311980737507,36.262045823408094,823.0293682161615,6.233387029240423,-970.8179999807263,35.37311980737507,-969.426681285405,-4.02197808850536,36.262045823408094,823.0293682161615
106,31.82877888095345,32.44525590173879,932.4408149501877,6.192465153126407,35.45625758374858,36.07160851894281,935.1327981405449,6.212587535528791,31.82877888095345,35.45625758374858,32.44525590173879,932.4408149501877,36.07160851894281,935.1327981405449
107,31.107748976924963,32.162228117212216,1064.4146200592754,6.235461729387047,35.38356196531775,36.46998309531407,1072.0124670497157,6.232998207842912,31.107748976924963,35.38356196531775,32.162228117212216,1064.4146200592754,36.46998309531407,1072.0124670497157
108,32.00934325262558,32.46643081376719,690.7444363804751,6.234294547623856,35.4268320216689,35.89444908984872,682.3701283266378,6.234154801306794,32.00934325262558,35.4268320216689,32.46643081376719,690.7444363804751,35.89444908984872,682.3701283266378
109,31.38542122296665,32.001531309731625,857.8612117715504,6.229006096901087,35.43750810623169,36.0824584753617,884.6272794267405,6.226007958469583,31.38542122296665,35.43750810623169,32.001531309731625,857.8612117715504,36.0824584753617,884.6272794267405
110,31.04209540094246,31.780786750590906,1035.758118480356,6.238324329348362,35.16569965216262,35.91240047353559,1039.6878603876164,6.238292501207467,31.04209540094246,35.16569965216262,31.780786750590906,1035.758118480356,35.91240047353559,1039.6878603876164
111,31.906102984754597,33.255327834784204,865.061677663818,6.236514654267921,35.30641558276144,36.683533143125686,879.7740239275342,6.236509944261284,31.906102984754597,35.30641558276144,33.255327834784204,865.061677663818,36.683533143125686,879.7740239275342
112,29.83365771505568,30.361043712827893,1583.3692497995164,6.227834091242644,35.34184725549486,35.87142673068576,1560.6545716285705,6.230286480601325,29.83365771505568,35.34184725549486,30.361043712827893,1583.3692497995164,35.87142673068576,1560.6545716285705
113,32.179816175790414,32.339496723315534,830.4817408866991,6.23636103529288,35.425877006465925,35.600234304541566,844.3829774775519,6.236361035292031,32.179816175790414,35.425877006465925,32.339496723315534,830.4817408866991,35.600234304541566,844.3829774775519
114,29.807226854701376,31.243718967881314,709.9051400118096,6.193100861345474,35.25397606228673,36.722533835921176,748.3852432189985,6.206176358753006,29.807226854701376,35.25397606228673,31.243718967881314,709.9051400118096,36.722533835921176,748.3852432189985
115,29.834942136683935,31.206129646972872,956.8033751259387,6.216745418847585,35.36537746912997,36.77667070845483,984.2453465408003,6.219588379737846,29.834942136683935,35.36537746912997,31.206129646972872,956.8033751259387,36.77667070845483,984.2453465408003
116,30.091156438864704,33.94630970064976,1328.4526932485257,6.221203553987085,34.90469027760965,38.80652532338432,1350.2462754422243,6.230907968762981,30.091156438864704,34.90469027760965,33.94630970064976,1328.4526932485257,38.80652532338432,1350.2462754422243
117,29.62790338198344,31.070222525684922,1277.3745693630642,6.216807844477008,35.41545325149725,36.88393329102316,1302.4665290308587,6.217220519010712,29.62790338198344,35.41545325149725,31.070222525684922,1277.3745693630642,36.88393329102316,1302.4665290308587
118,30.98305196232266,33.25355226463742,1070.3870497597588,6.2383246250395095,35.14966398345099,37.457709058125815,1138.977409172058,6.2383246250395095,30.98305196232266,35.14966398345099,33.25355226463742,1070.3870497597588,37.457709058125815,1138.977409172058
119,30.33619994238803,30.58514114220937,687.3107381773274,6.234268780837398,35.43367074107566,35.706450869465435,713.1114068672671,6.23426483310977,30.33619994238803,35.43367074107566,30.58514114220937,687.3107381773274,35.706450869465435,713.1114068672671
120,31.915570673609214,33.74649152784724,1122.9761955006145,6.238324625039509,35.35815024448383,37.22475290733268,1190.399893891123,6.238324625039509,31.915570673609214,35.35815024448383,33.74649152784724,1122.9761955006145,37.22475290733268,1190.399893891123
121,31.931662726595075,32.17927422356413,1719.698403664355,6.228382881866649,35.317707796945086,35.5577739808116,1707.8364629347047,6.2240629197844015,31.931662726595075,35.317707796945086,32.17927422356413,1719.698403664355,35.5577739808116,1707.8364629347047
122,-1915.7038751042467,-1914.503599954806,-933.5724352540453,-1502.6213805606806,35.354209845561925,35.96639231059626,859.2818294372993,6.2363498467439396,-1915.7038751042467,35.354209845561925,-1914.503599954806,-933.5724352540453,35.96639231059626,859.2818294372993
123,30.579210666047423,31.946726144528856,747.6514324273716,6.166182043768243,34.160389918907015,35.52653937246285,751.2860692662686,6.216641912665537,30.579210666047423,34.160389918907015,31.946726144528856,747.6514324273716,35.52653937246285,751.2860692662686
124,-2141.7003368951578,-2138.1998891802314,-804.7609549553345,-1479.9743803288723,35.04589134823959,37.42418740421621,1070.833641519237,6.228831388295701,-2141.7003368951578,35.04589134823959,-2138.1998891802314,-804.7609549553345,37.42418740421621,1070.833641519237
125,-1174.9010344944643,-1174.05760360032,-400.83829719029114,-800.5293337165912,35.379318719499565,36.91790297326077,743.9493748766653,6.2361809198185405,-1174.9010344944643,35.379318719499565,-1174.05760360032,-400.83829719029114,36.91790297326077,743.9493748766653
126,31.4615519868003,33.026641403304204,739.5492950333489,6.174028595193527,35.29358507262336,36.87549669477675,749.4493498325348,6.2035347730975925,31.4615519868003,35.29358507262336,33.026641403304204,739.5492950333489,36.87549669477675,749.4493498325348
127,31.01434764433443,32.5839686447315,899.1937526370702,6.222745423436701,35.33140626114406,36.93588132536813,945.1487658747127,6.216005958115042,31.01434764433443,35.33140626114406,32.5839686447315,899.1937526370702,36.93588132536813,945.1487658747127
128,31.495431707146462,34.01820898591802,884.4401579331816,6.226950441488337,35.044477050224046,37.60612404212523,927.5433881751607,6.226596189590714,31.495431707146462,35.044477050224046,34.01820898591802,884.4401579331816,37.60612404212523,927.5433881751607
129,30.522812320340066,32.46539677482896,745.6324611395336,6.210183393391506,35.19510410678002,37.16529331598813,813.4327345677485,6.216396159457125,30.522812320340066,35.19510410678002,32.46539677482896,745.6324611395336,37.16529331598813,813.4327345677485
130,29.780956352134947,31.201602201983977,991.1817188922541,6.231303814388786,35.305269714047654,36.738628651291904,986.6606908352986,6.227529437061075,29.780956352134947,35.305269714047654,31.201602201983977,991.1817188922541,36.738628651291904,986.6606908352986
131,28.291780735525634,31.023609083784205,2746.61969332195,6.221071364827248,35.009703853246194,37.73037258255512,2694.6186883882488,6.208464630097972,28.291780735525634,35.009703853246194,31.023609083784205,2746.61969332195,37.73037258255512,2694.6186883882488
132,31.00170406008936,32.25850408928271,1043.4451260683647,6.238324625039508,35.37248837005865,36.63509107480582,1041.0887321763207,6.238324625038465,31.00170406008936,35.37248837005865,32.25850408928271,1043.4451260683647,36.63509107480582,1041.0887321763207
133,32.83228899799498,34.619211797660356,870.8566801750054,6.222418209913854,35.36733370850989,37.188682987191584,917.8052294106134,6.224268034095879,32.83228899799498,35.36733370850989,34.619211797660356,870.8566801750054,37.188682987191584,917.8052294106134
134,26.72021387491612,28.766216000380545,647.076293134965,6.229715452587284,35.32054110069495,37.39882722755388,666.2259428942135,6.2283014976792925,26.72021387491612,35.32054110069495,28.766216000380545,647.076293134965,37.39882722755388,666.2259428942135
135,29.195825852998873,28.87255862573298,1463.5143123487146,6.23384736199649,35.45558318277685,35.12817288026577,1453.1041520368763,6.235909719254764,29.195825852998873,35.45558318277685,28.87255862573298,1463.5143123487146,35.12817288026577,1453.1041520368763
136,29.974736941628763,30.95718792306275,789.5966202978994,6.238324625039508,35.32390568837398,36.33335048344289,821.3820034849878,6.238324625039508,29.974736941628763,35.32390568837398,30.95718792306275,789.5966202978994,36.33335048344289,821.3820034849878
137,31.885076003074644,33.557395992279055,938.6548367071151,6.190899291401563,35.48549835205078,37.18420642375946,994.5151559007168,6.224069898382238,31.885076003074644,35.48549835205078,33.557395992279055,938.6548367071151,37.18420642375946,994.5151559007168
138,30.181982289539295,32.45695201734478,968.858320830913,6.233281742265933,35.26132460390584,37.57713001765562,1020.5551030167034,6.230216343240196,30.181982289539295,35.26132460390584,32.45695201734478,968.858320830913,37.57713001765562,1020.5551030167034
139,30.648605654148458,32.249771628874896,704.5648069225374,6.232198424073443,35.2473080171262,36.891881859367665,754.4130828159103,6.232642913504163,30.648605654148458,35.2473080171262,32.249771628874896,704.5648069225374,36.891881859367665,754.4130828159103
140,32.5658166046542,34.88890756237569,873.5879395420014,6.220511998345841,35.386166397813724,37.738503311317004,895.62620330481,6.207339802182048,32.5658166046542,35.386166397813724,34.88890756237569,873.5879395420014,37.738503311317004,895.62620330481
141,29.49521118534936,30.195568664868674,675.568556160397,6.221686076702518,35.43812615076701,36.143323845333526,700.6686880906423,6.225187230442153,29.49521118534936,35.43812615076701,30.195568664868674,675.568556160397,36.143323845333526,700.6686880906423
142,31.349151934607555,32.231672152287544,548.1968921079474,6.2191171136961465,35.39818702309819,36.29977226796123,568.6993710428982,6.21463398038512,31.349151934607555,35.39818702309819,32.231672152287544,548.1968921079474,36.29977226796123,568.6993710428982
143,32.679735373922334,33.61189299607211,1574.4765943067555,6.238324625039509,35.43795451959414,36.377664851349806,1590.5021094958868,6.238324625039509,32.679735373922334,35.43795451959414,33.61189299607211,1574.4765943067555,36.377664851349806,1590.5021094958868
144,32.044872250764264,33.4684375182442,1212.0296203613282,6.224194228685598,35.4889202836631,36.93929107223732,1255.5678030249,6.228033147727721,32.044872250764264,35.4889202836631,33.4684375182442,1212.0296203613282,36.93929107223732,1255.5678030249
145,31.89391900223571,32.39188012333659,1218.2974540660907,6.236503152222839,35.33144199817212,35.850640869140626,1245.488453466242,6.235931128614548,31.89391900223571,35.33144199817212,32.39188012333659,1218.2974540660907,35.850640869140626,1245.488453466242
146,26.215481707669685,26.73827649268551,670.0070991129115,6.213120788158174,35.468799928305806,36.01789137245952,679.4409980276356,6.2209624046761824,26.215481707669685,35.468799928305806,26.73827649268551,670.0070991129115,36.01789137245952,679.4409980276356
147,31.463020252894207,33.19035575619663,986.953297097999,6.238324625039509,35.236968678164196,36.98048348024667,989.5970229183334,6.238324625039509,31.463020252894207,35.236968678164196,33.19035575619663,986.953297097999,36.98048348024667,989.5970229183334
148,27.336481939191405,27.438656319742616,1081.0257662534714,6.229322751798671,35.45473117413728,35.552306424016535,1072.3420917210371,6.22845492603264,27.336481939191405,35.45473117413728,27.438656319742616,1081.0257662534714,35.552306424016535,1072.3420917210371
149,29.124371742054016,29.53259899460898,696.413340376727,6.210864428335912,35.42946114148364,35.84152189260164,712.7646212010478,6.2140876188411776,29.124371742054016,35.42946114148364,29.53259899460898,696.413340376727,35.84152189260164,712.7646212010478
150,32.69812389530548,33.7096124727432,1770.5745230269758,6.224180048941511,35.26299377336894,36.285225991027,1765.973624825151,6.228244657148901,32.69812389530548,35.26299377336894,33.7096124727432,1770.5745230269758,36.285225991027,1765.973624825151
151,29.411995056818224,30.364476409184157,1274.7469047851112,6.2019124731568125,35.180843832930165,36.14186932490422,1244.3832692747285,6.2260809665724555,29.411995056818224,35.180843832930165,30.364476409184157,1274.7469047851112,36.14186932490422,1244.3832692747285
152,30.839708992929168,32.68244325080194,1347.6761941200446,6.238324625039509,35.32936376776577,37.189336813514224,1361.0055717699456,6.238324625039509,30.839708992929168,35.32936376776577,32.68244325080194,1347.6761941200446,37.189336813514224,1361.0055717699456
153,29.334860670037433,31.188726690979603,758.229687499004,6.223925674046896,35.23538985389331,37.11453181334015,779.8410684881883,6.2227190056720545,29.334860670037433,35.23538985389331,31.188726690979603,758.229687499004,37.11453181334015,779.8410684881883
154,30.937308566860345,32.333118997624794,487.6949336450956,6.2228667401590165,35.42283415299141,36.82488361664271,495.1548937152331,6.219393185138014,30.937308566860345,35.42283415299141,32.333118997624794,487.6949336450956,36.82488361664271,495.1548937152331
155,31.98303221134429,32.33111430736298,1070.0812222703973,6.238324625039509,35.396256548293096,35.76648356052155,1119.3778267008192,6.238324623505083,31.98303221134429,35.396256548293096,32.33111430736298,1070.0812222703973,35.76648356052155,1119.3778267008192
156,32.41609715289018,34.30646566456071,795.9180866852207,6.2215727973154475,35.28310430832109,37.2040209932903,830.2711384114943,6.223325656159163,32.41609715289018,35.28310430832109,34.30646566456071,795.9180866852207,37.2040209932903,830.2711384114943
157,33.50791867405413,34.79038114067098,928.5470255742971,6.220210209906439,35.32531431182942,36.62489643653445,940.0795349720619,6.216767371462131,33.50791867405413,35.32531431182942,34.79038114067098,928.5470255742971,36.62489643653445,940.0795349720619
158,32.6562514684417,33.73274608633735,1587.3015852570534,6.186156378005643,35.339359825307675,36.417733755978674,1564.1511357873678,6.20279194450294,32.6562514684417,35.339359825307675,33.73274608633735,1587.3015852570534,36.417733755978674,1564.1511357873678
159,30.815562715996865,32.219583743292354,1275.1446788000023,6.236440930345948,35.20337621543718,36.60755169391632,1255.4062552244766,6.2364375347171555,30.815562715996865,35.20337621543718,32.219583743292354,1275.1446788000023,36.60755169391632,1255.4062552244766
160,27.600009511382297,27.997330460852204,870.5752890526093,6.224908448845341,35.398641940299164,35.80456836732141,893.0640285312304,6.222119981294068,27.600009511382297,35.398641940299164,27.997330460852204,870.5752890526093,35.80456836732141,893.0640285312304
161,31.883596748743894,32.42130223645905,939.4860049071989,6.236230423467367,35.455442054034,36.006067927150205,955.076707736243,6.236230496827041,31.883596748743894,35.455442054034,32.42130223645905,939.4860049071989,36.006067927150205,955.076707736243
162,32.44627745363725,34.588339101581674,1490.64643792457,6.227900083649912,35.124328718135494,37.25994912991349,1478.1473771964068,6.232131009949723,32.44627745363725,35.124328718135494,34.588339101581674,1490.64643792457,37.25994912991349,1478.1473771964068
163,-669.8516372371498,-668.5088654485937,631.1109260989226,-358.79132651032796,35.30693709602696,36.80712845912673,1382.9011194019713,6.238324625030863,-669.8516372371498,35.30693709602696,-668.5088654485937,631.1109260989226,36.80712845912673,1382.9011194019713
164,31.43935684508678,31.682596272823073,790.8732947104888,6.232880505736129,35.33870514774822,35.575452030641245,795.24063333042,6.23285280044543,31.43935684508678,35.33870514774822,31.682596272823073,790.8732947104888,35.575452030641245,795.24063333042
165,25.08065751498724,25.497736501299645,1077.6400204072643,6.236414000695671,35.51519613029543,35.93712927552951,1081.811698611446,6.236221522681061,25.08065751498724,35.51519613029543,25.497736501299645,1077.6400204072643,35.93712927552951,1081.811698611446
166,31.500174701213837,33.27016487649896,1069.4207025630908,6.220486870278333,35.335910146886654,37.13612569462169,1103.1574904160066,6.226800404700513,31.500174701213837,35.335910146886654,33.27016487649896,1069.4207025630908,37.13612569462169,1103.1574904160066
167,29.258719813524845,31.142271509243585,969.8807059689152,6.1970362476858805,35.32336781217527,37.23314360722194,1030.3921856056681,6.214349720408261,29.258719813524845,35.32336781217527,31.142271509243585,969.8807059689152,37.23314360722194,1030.3921856056681
168,30.946199610829353,34.18153863648573,1350.3047229200602,6.224553962314773,35.01148431996504,38.29386856158575,1410.4673808912437,6.225506991564873,30.946199610829353,35.01148431996504,34.18153863648573,1350.3047229200602,38.29386856158575,1410.4673808912437
169,30.22278877560883,31.14433988700845,795.5971350143044,6.234385344595371,35.308654423138236,36.24603220693788,822.9373727533703,6.234224524226644,30.22278877560883,35.308654423138236,31.14433988700845,795.5971350143044,36.24603220693788,822.9373727533703
170,28.865261844782165,32.486881536263034,1259.6672127041688,6.2361347688101265,35.013726067472284,38.67359093459494,1267.458103547818,6.235686892959555,28.865261844782165,35.013726067472284,32.486881536263034,1259.6672127041688,38.67359093459494,1267.458103547818
171,30.27733110972813,32.81710545403617,1403.9645313371932,6.238324625039508,35.20327659606934,37.77588129316057,1449.4439263916015,6.238324625039508,30.27733110972813,35.20327659606934,32.81710545403617,1403.9645313371932,37.77588129316057,1449.4439263916015
172,31.83033789804537,32.99631880799385,716.7880856500913,6.169194099105191,35.40333649622251,36.59228553249412,725.2088703665015,6.220198467728621,31.83033789804537,35.40333649622251,32.99631880799385,716.7880856500913,36.59228553249412,725.2088703665015
173,31.713129228658754,32.48109655046078,874.7897139443863,6.106738241249196,35.35692317273739,36.12667628696987,892.0522469368906,6.209361395635404,31.713129228658754,35.35692317273739,32.48109655046078,874.7897139443863,36.12667628696987,892.0522469368906
174,29.895497499886204,31.034485897775422,746.5909735146215,6.2176840826539355,35.44103737200721,36.57684156988974,752.4916637590376,6.221320243346769,29.895497499886204,35.44103737200721,31.034485897775422,746.5909735146215,36.57684156988974,752.4916637590376
175,-765.5911649953688,-763.7917776293741,599.3990886550096,-213.2688324508863,35.0405662345355,36.808811809359156,1139.7441828257527,6.233557226139704,-765.5911649953688,35.0405662345355,-763.7917776293741,599.3990886550096,36.808811809359156,1139.7441828257527
176,30.85515648788876,32.62595796999004,984.7841519408756,6.227599613175872,35.45432002279494,37.258823574913876,1025.5642521089978,6.22698173972235,30.85515648788876,35.45432002279494,32.62595796999004,984.7841519408756,37.258823574913876,1025.5642521089978
177,-3118.529608902524,-3117.4840928174904,-835.0152569815475,-1326.007885911088,35.29055092026051,36.68277787768151,840.4805921969663,6.1997090216957575,-3118.529608902524,35.29055092026051,-3117.4840928174904,-835.0152569815475,36.68277787768151,840.4805921969663
178,32.509097517626095,33.85997711460522,1532.824534254348,6.230176575035875,35.347868184819234,36.68912469749351,1516.4212952917612,6.229846985498459,32.509097517626095,35.347868184819234,33.85997711460522,1532.824534254348,36.68912469749351,1516.4212952917612
179,31.274424699842093,32.36109804105358,926.9796088883857,6.226345421632821,35.012668465365884,36.109581624092506,958.0751888905587,6.2322943005281415,31.274424699842093,35.012668465365884,32.36109804105358,926.9796088883857,36.109581624092506,958.0751888905587
180,30.580172553295043,31.546287437764608,1009.8288325274863,6.2340958955754,35.26581129795167,36.23299000321365,1041.1652664324133,6.233994074929517,30.580172553295043,35.26581129795167,31.546287437764608,1009.8288325274863,36.23299000321365,1041.1652664324133
181,-474.85965417226157,-472.8655089673069,1405.5240518781875,-91.38236562745695,35.15768163469102,36.72233649359809,1571.3631736066607,6.230618365227224,-474.85965417226157,35.15768163469102,-472.8655089673069,1405.5240518781875,36.72233649359809,1571.3631736066607
182,30.12505001285497,31.699124701934704,882.9529611699721,6.238324533497756,35.28273632947136,36.894625787174,911.3109081829296,6.238323758873975,30.12505001285497,35.28273632947136,31.699124701934704,882.9529611699721,36.894625787174,911.3109081829296
183,30.0710418295408,30.738737779904188,1057.3908464023414,6.229139999994837,35.41844611956175,36.08910720328974,1060.859718162516,6.231348211447557,30.0710418295408,35.41844611956175,30.738737779904188,1057.3908464023414,36.08910720328974,1060.859718162516
184,27.7260429178947,30.858029782600294,2518.91199299925,6.238324625039508,34.90866443403173,38.09453256260765,2596.480857211506,6.238324625039508,27.7260429178947,34.90866443403173,30.858029782600294,2518.91199299925,38.09453256260765,2596.480857211506
185,32.77808741993374,33.87644329335954,820.6376916620467,6.228291161719109,35.43886946042379,36.53966334660848,818.3323450260692,6.2213070055199875,32.77808741993374,35.43886946042379,33.87644329335954,820.6376916620467,36.53966334660848,818.3323450260692
186,31.952958333333335,34.673580495198564,938.1136274464925,6.197649378738543,34.99065725199382,37.75314883422852,955.116512163798,6.221182674263843,31.952958333333335,34.99065725199382,34.673580495198564,938.1136274464925,37.75314883422852,955.116512163798
187,30.240535874800248,31.93146570874499,906.2132450252384,6.17780590089451,35.24857238175033,36.967344209745335,921.2143146316727,6.210458604539617,30.240535874800248,35.24857238175033,31.93146570874499,906.2132450252384,36.967344209745335,921.2143146316727
188,30.892984411218663,32.22271642842136,655.4517963168386,6.225654599403652,35.36346900856102,36.70009243095314,647.5156178566126,6.222110427949269,30.892984411218663,35.36346900856102,32.22271642842136,655.4517963168386,36.70009243095314,647.5156178566126
189,31.50895410870749,34.3075912717789,1290.4331122252045,6.230917264160554,35.21494947665583,38.039266979883585,1315.044485682533,6.230808082657133,31.50895410870749,35.21494947665583,34.3075912717789,1290.4331122252045,38.039266979883585,1315.044485682533
190,27.00882946709845,29.874157523661452,1193.4739602270458,6.227494217930834,35.15840656188474,38.0569545653806,1278.736479411496,6.218455556528023,27.00882946709845,35.15840656188474,29.874157523661452,1193.4739602270458,38.0569545653806,1278.736479411496
191,28.311018027050395,30.98978260251838,1710.8002659972285,6.2383246224066475,35.060497208716164,37.79377548862511,1789.613866096819,6.238215766156384,28.311018027050395,35.060497208716164,30.98978260251838,1710.8002659972285,37.79377548862511,1789.613866096819
192,29.38102470548813,31.36228427812878,1474.973475364642,6.216220174191851,35.30498840849278,37.325205064762784,1518.6902271650606,6.23121375800648,29.38102470548813,35.30498840849278,31.36228427812878,1474.973475364642,37.325205064762784,1518.6902271650606
193,29.40087380531342,30.297072839544146,987.267272306581,6.234570483678685,35.38346566151416,36.30730769833465,1034.3742745288941,6.234572437827187,29.40087380531342,35.38346566151416,30.297072839544146,987.267272306581,36.30730769833465,1034.3742745288941
194,30.573648556819936,30.885977695989347,615.8045860838495,6.050956203029231,35.420499617223584,35.74288404053746,622.9370875016102,6.227774593286192,30.573648556819936,35.420499617223584,30.885977695989347,615.8045860838495,35.74288404053746,622.9370875016102
195,30.469955903906012,31.34696220587887,1429.968266803242,6.229430355059809,35.37462596840181,36.26141385580504,1420.8915512980193,6.225860489492554,30.469955903906012,35.37462596840181,31.34696220587887,1429.968266803242,36.26141385580504,1420.8915512980193
196,30.41490966000854,32.29629344798039,1187.5957283288806,6.223894145887352,35.27841433600035,37.175794952930154,1161.1381100419414,6.225496434736747,30.41490966000854,35.27841433600035,32.29629344798039,1187.5957283288806,37.175794952930154,1161.1381100419414
197,27.211737467013194,29.254220836182945,1028.3939377167965,6.229569862411131,35.203648271044436,37.29997358838378,1111.8228797858258,6.232356576513232,27.211737467013194,35.203648271044436,29.254220836182945,1028.3939377167965,37.29997358838378,1111.8228797858258
198,29.62197315088908,31.676220744768777,782.0076605377197,6.218179131904627,35.30934698486328,37.39717678833008,840.3215414123536,6.214688395132696,29.62197315088908,35.30934698486328,31.676220744768777,782.0076605377197,37.39717678833008,840.3215414123536
199,-440.14255062108674,-439.1695660960573,160.60637122308228,-165.6578566915052,35.37306291185762,36.218678547370196,567.897141232369,6.2343969868480595,-440.14255062108674,35.37306291185762,-439.1695660960573,160.60637122308228,36.218678547370196,567.897141232369
