task_id,condition,algo,recipe,score_number,score_field,filter_percent,retained_count,seed,filter_key,config_path,run_name,result_path
1,gaussian_zscore_score2,gaussian,zscore_linear,2,data_mi_learned_marginal,25,150,1,density_final_gaussian_zscore_score2_filter25pct,/iris/u/jasonyan/data/threading_d0_final_score_filtered_bc_20260808/configs/gaussian_zscore_score2/filter25pct/seed1.json,bc_gmm_threading_d0_final_gaussian_zscore_score2_filter25pct_seed1,/iris/u/jasonyan/data/threading_d0_final_score_filtered_bc_results_20260808/task_01.json
2,gaussian_zscore_score2,gaussian,zscore_linear,2,data_mi_learned_marginal,25,150,2,density_final_gaussian_zscore_score2_filter25pct,/iris/u/jasonyan/data/threading_d0_final_score_filtered_bc_20260808/configs/gaussian_zscore_score2/filter25pct/seed2.json,bc_gmm_threading_d0_final_gaussian_zscore_score2_filter25pct_seed2,/iris/u/jasonyan/data/threading_d0_final_score_filtered_bc_results_20260808/task_02.json
3,gaussian_zscore_score2,gaussian,zscore_linear,2,data_mi_learned_marginal,25,150,3,density_final_gaussian_zscore_score2_filter25pct,/iris/u/jasonyan/data/threading_d0_final_score_filtered_bc_20260808/configs/gaussian_zscore_score2/filter25pct/seed3.json,bc_gmm_threading_d0_final_gaussian_zscore_score2_filter25pct_seed3,/iris/u/jasonyan/data/threading_d0_final_score_filtered_bc_results_20260808/task_03.json
4,gaussian_zscore_score2,gaussian,zscore_linear,2,data_mi_learned_marginal,50,100,1,density_final_gaussian_zscore_score2_filter50pct,/iris/u/jasonyan/data/threading_d0_final_score_filtered_bc_20260808/configs/gaussian_zscore_score2/filter50pct/seed1.json,bc_gmm_threading_d0_final_gaussian_zscore_score2_filter50pct_seed1,/iris/u/jasonyan/data/threading_d0_final_score_filtered_bc_results_20260808/task_04.json
5,gaussian_zscore_score2,gaussian,zscore_linear,2,data_mi_learned_marginal,50,100,2,density_final_gaussian_zscore_score2_filter50pct,/iris/u/jasonyan/data/threading_d0_final_score_filtered_bc_20260808/configs/gaussian_zscore_score2/filter50pct/seed2.json,bc_gmm_threading_d0_final_gaussian_zscore_score2_filter50pct_seed2,/iris/u/jasonyan/data/threading_d0_final_score_filtered_bc_results_20260808/task_05.json
6,gaussian_zscore_score2,gaussian,zscore_linear,2,data_mi_learned_marginal,50,100,3,density_final_gaussian_zscore_score2_filter50pct,/iris/u/jasonyan/data/threading_d0_final_score_filtered_bc_20260808/configs/gaussian_zscore_score2/filter50pct/seed3.json,bc_gmm_threading_d0_final_gaussian_zscore_score2_filter50pct_seed3,/iris/u/jasonyan/data/threading_d0_final_score_filtered_bc_results_20260808/task_06.json
7,gaussian_zscore_score2,gaussian,zscore_linear,2,data_mi_learned_marginal,75,50,1,density_final_gaussian_zscore_score2_filter75pct,/iris/u/jasonyan/data/threading_d0_final_score_filtered_bc_20260808/configs/gaussian_zscore_score2/filter75pct/seed1.json,bc_gmm_threading_d0_final_gaussian_zscore_score2_filter75pct_seed1,/iris/u/jasonyan/data/threading_d0_final_score_filtered_bc_results_20260808/task_07.json
8,gaussian_zscore_score2,gaussian,zscore_linear,2,data_mi_learned_marginal,75,50,2,density_final_gaussian_zscore_score2_filter75pct,/iris/u/jasonyan/data/threading_d0_final_score_filtered_bc_20260808/configs/gaussian_zscore_score2/filter75pct/seed2.json,bc_gmm_threading_d0_final_gaussian_zscore_score2_filter75pct_seed2,/iris/u/jasonyan/data/threading_d0_final_score_filtered_bc_results_20260808/task_08.json
9,gaussian_zscore_score2,gaussian,zscore_linear,2,data_mi_learned_marginal,75,50,3,density_final_gaussian_zscore_score2_filter75pct,/iris/u/jasonyan/data/threading_d0_final_score_filtered_bc_20260808/configs/gaussian_zscore_score2/filter75pct/seed3.json,bc_gmm_threading_d0_final_gaussian_zscore_score2_filter75pct_seed3,/iris/u/jasonyan/data/threading_d0_final_score_filtered_bc_results_20260808/task_09.json
10,gaussian_robust_score2,gaussian,robust_scale_linear,2,data_mi_learned_marginal,25,150,1,density_final_gaussian_robust_score2_filter25pct,/iris/u/jasonyan/data/threading_d0_final_score_filtered_bc_20260808/configs/gaussian_robust_score2/filter25pct/seed1.json,bc_gmm_threading_d0_final_gaussian_robust_score2_filter25pct_seed1,/iris/u/jasonyan/data/threading_d0_final_score_filtered_bc_results_20260808/task_10.json
11,gaussian_robust_score2,gaussian,robust_scale_linear,2,data_mi_learned_marginal,25,150,2,density_final_gaussian_robust_score2_filter25pct,/iris/u/jasonyan/data/threading_d0_final_score_filtered_bc_20260808/configs/gaussian_robust_score2/filter25pct/seed2.json,bc_gmm_threading_d0_final_gaussian_robust_score2_filter25pct_seed2,/iris/u/jasonyan/data/threading_d0_final_score_filtered_bc_results_20260808/task_11.json
12,gaussian_robust_score2,gaussian,robust_scale_linear,2,data_mi_learned_marginal,25,150,3,density_final_gaussian_robust_score2_filter25pct,/iris/u/jasonyan/data/threading_d0_final_score_filtered_bc_20260808/configs/gaussian_robust_score2/filter25pct/seed3.json,bc_gmm_threading_d0_final_gaussian_robust_score2_filter25pct_seed3,/iris/u/jasonyan/data/threading_d0_final_score_filtered_bc_results_20260808/task_12.json
13,gaussian_robust_score2,gaussian,robust_scale_linear,2,data_mi_learned_marginal,50,100,1,density_final_gaussian_robust_score2_filter50pct,/iris/u/jasonyan/data/threading_d0_final_score_filtered_bc_20260808/configs/gaussian_robust_score2/filter50pct/seed1.json,bc_gmm_threading_d0_final_gaussian_robust_score2_filter50pct_seed1,/iris/u/jasonyan/data/threading_d0_final_score_filtered_bc_results_20260808/task_13.json
14,gaussian_robust_score2,gaussian,robust_scale_linear,2,data_mi_learned_marginal,50,100,2,density_final_gaussian_robust_score2_filter50pct,/iris/u/jasonyan/data/threading_d0_final_score_filtered_bc_20260808/configs/gaussian_robust_score2/filter50pct/seed2.json,bc_gmm_threading_d0_final_gaussian_robust_score2_filter50pct_seed2,/iris/u/jasonyan/data/threading_d0_final_score_filtered_bc_results_20260808/task_14.json
15,gaussian_robust_score2,gaussian,robust_scale_linear,2,data_mi_learned_marginal,50,100,3,density_final_gaussian_robust_score2_filter50pct,/iris/u/jasonyan/data/threading_d0_final_score_filtered_bc_20260808/configs/gaussian_robust_score2/filter50pct/seed3.json,bc_gmm_threading_d0_final_gaussian_robust_score2_filter50pct_seed3,/iris/u/jasonyan/data/threading_d0_final_score_filtered_bc_results_20260808/task_15.json
16,gaussian_robust_score2,gaussian,robust_scale_linear,2,data_mi_learned_marginal,75,50,1,density_final_gaussian_robust_score2_filter75pct,/iris/u/jasonyan/data/threading_d0_final_score_filtered_bc_20260808/configs/gaussian_robust_score2/filter75pct/seed1.json,bc_gmm_threading_d0_final_gaussian_robust_score2_filter75pct_seed1,/iris/u/jasonyan/data/threading_d0_final_score_filtered_bc_results_20260808/task_16.json
17,gaussian_robust_score2,gaussian,robust_scale_linear,2,data_mi_learned_marginal,75,50,2,density_final_gaussian_robust_score2_filter75pct,/iris/u/jasonyan/data/threading_d0_final_score_filtered_bc_20260808/configs/gaussian_robust_score2/filter75pct/seed2.json,bc_gmm_threading_d0_final_gaussian_robust_score2_filter75pct_seed2,/iris/u/jasonyan/data/threading_d0_final_score_filtered_bc_results_20260808/task_17.json
18,gaussian_robust_score2,gaussian,robust_scale_linear,2,data_mi_learned_marginal,75,50,3,density_final_gaussian_robust_score2_filter75pct,/iris/u/jasonyan/data/threading_d0_final_score_filtered_bc_20260808/configs/gaussian_robust_score2/filter75pct/seed3.json,bc_gmm_threading_d0_final_gaussian_robust_score2_filter75pct_seed3,/iris/u/jasonyan/data/threading_d0_final_score_filtered_bc_results_20260808/task_18.json
19,gaussian_zscore_score6,gaussian,zscore_linear,6,model_mi_reference_prior,25,150,1,density_final_gaussian_zscore_score6_filter25pct,/iris/u/jasonyan/data/threading_d0_final_score_filtered_bc_20260808/configs/gaussian_zscore_score6/filter25pct/seed1.json,bc_gmm_threading_d0_final_gaussian_zscore_score6_filter25pct_seed1,/iris/u/jasonyan/data/threading_d0_final_score_filtered_bc_results_20260808/task_19.json
20,gaussian_zscore_score6,gaussian,zscore_linear,6,model_mi_reference_prior,25,150,2,density_final_gaussian_zscore_score6_filter25pct,/iris/u/jasonyan/data/threading_d0_final_score_filtered_bc_20260808/configs/gaussian_zscore_score6/filter25pct/seed2.json,bc_gmm_threading_d0_final_gaussian_zscore_score6_filter25pct_seed2,/iris/u/jasonyan/data/threading_d0_final_score_filtered_bc_results_20260808/task_20.json
21,gaussian_zscore_score6,gaussian,zscore_linear,6,model_mi_reference_prior,25,150,3,density_final_gaussian_zscore_score6_filter25pct,/iris/u/jasonyan/data/threading_d0_final_score_filtered_bc_20260808/configs/gaussian_zscore_score6/filter25pct/seed3.json,bc_gmm_threading_d0_final_gaussian_zscore_score6_filter25pct_seed3,/iris/u/jasonyan/data/threading_d0_final_score_filtered_bc_results_20260808/task_21.json
22,gaussian_zscore_score6,gaussian,zscore_linear,6,model_mi_reference_prior,50,100,1,density_final_gaussian_zscore_score6_filter50pct,/iris/u/jasonyan/data/threading_d0_final_score_filtered_bc_20260808/configs/gaussian_zscore_score6/filter50pct/seed1.json,bc_gmm_threading_d0_final_gaussian_zscore_score6_filter50pct_seed1,/iris/u/jasonyan/data/threading_d0_final_score_filtered_bc_results_20260808/task_22.json
23,gaussian_zscore_score6,gaussian,zscore_linear,6,model_mi_reference_prior,50,100,2,density_final_gaussian_zscore_score6_filter50pct,/iris/u/jasonyan/data/threading_d0_final_score_filtered_bc_20260808/configs/gaussian_zscore_score6/filter50pct/seed2.json,bc_gmm_threading_d0_final_gaussian_zscore_score6_filter50pct_seed2,/iris/u/jasonyan/data/threading_d0_final_score_filtered_bc_results_20260808/task_23.json
24,gaussian_zscore_score6,gaussian,zscore_linear,6,model_mi_reference_prior,50,100,3,density_final_gaussian_zscore_score6_filter50pct,/iris/u/jasonyan/data/threading_d0_final_score_filtered_bc_20260808/configs/gaussian_zscore_score6/filter50pct/seed3.json,bc_gmm_threading_d0_final_gaussian_zscore_score6_filter50pct_seed3,/iris/u/jasonyan/data/threading_d0_final_score_filtered_bc_results_20260808/task_24.json
25,gaussian_zscore_score6,gaussian,zscore_linear,6,model_mi_reference_prior,75,50,1,density_final_gaussian_zscore_score6_filter75pct,/iris/u/jasonyan/data/threading_d0_final_score_filtered_bc_20260808/configs/gaussian_zscore_score6/filter75pct/seed1.json,bc_gmm_threading_d0_final_gaussian_zscore_score6_filter75pct_seed1,/iris/u/jasonyan/data/threading_d0_final_score_filtered_bc_results_20260808/task_25.json
26,gaussian_zscore_score6,gaussian,zscore_linear,6,model_mi_reference_prior,75,50,2,density_final_gaussian_zscore_score6_filter75pct,/iris/u/jasonyan/data/threading_d0_final_score_filtered_bc_20260808/configs/gaussian_zscore_score6/filter75pct/seed2.json,bc_gmm_threading_d0_final_gaussian_zscore_score6_filter75pct_seed2,/iris/u/jasonyan/data/threading_d0_final_score_filtered_bc_results_20260808/task_26.json
27,gaussian_zscore_score6,gaussian,zscore_linear,6,model_mi_reference_prior,75,50,3,density_final_gaussian_zscore_score6_filter75pct,/iris/u/jasonyan/data/threading_d0_final_score_filtered_bc_20260808/configs/gaussian_zscore_score6/filter75pct/seed3.json,bc_gmm_threading_d0_final_gaussian_zscore_score6_filter75pct_seed3,/iris/u/jasonyan/data/threading_d0_final_score_filtered_bc_results_20260808/task_27.json
28,gaussian_robust_score6,gaussian,robust_scale_linear,6,model_mi_reference_prior,25,150,1,density_final_gaussian_robust_score6_filter25pct,/iris/u/jasonyan/data/threading_d0_final_score_filtered_bc_20260808/configs/gaussian_robust_score6/filter25pct/seed1.json,bc_gmm_threading_d0_final_gaussian_robust_score6_filter25pct_seed1,/iris/u/jasonyan/data/threading_d0_final_score_filtered_bc_results_20260808/task_28.json
29,gaussian_robust_score6,gaussian,robust_scale_linear,6,model_mi_reference_prior,25,150,2,density_final_gaussian_robust_score6_filter25pct,/iris/u/jasonyan/data/threading_d0_final_score_filtered_bc_20260808/configs/gaussian_robust_score6/filter25pct/seed2.json,bc_gmm_threading_d0_final_gaussian_robust_score6_filter25pct_seed2,/iris/u/jasonyan/data/threading_d0_final_score_filtered_bc_results_20260808/task_29.json
30,gaussian_robust_score6,gaussian,robust_scale_linear,6,model_mi_reference_prior,25,150,3,density_final_gaussian_robust_score6_filter25pct,/iris/u/jasonyan/data/threading_d0_final_score_filtered_bc_20260808/configs/gaussian_robust_score6/filter25pct/seed3.json,bc_gmm_threading_d0_final_gaussian_robust_score6_filter25pct_seed3,/iris/u/jasonyan/data/threading_d0_final_score_filtered_bc_results_20260808/task_30.json
31,gaussian_robust_score6,gaussian,robust_scale_linear,6,model_mi_reference_prior,50,100,1,density_final_gaussian_robust_score6_filter50pct,/iris/u/jasonyan/data/threading_d0_final_score_filtered_bc_20260808/configs/gaussian_robust_score6/filter50pct/seed1.json,bc_gmm_threading_d0_final_gaussian_robust_score6_filter50pct_seed1,/iris/u/jasonyan/data/threading_d0_final_score_filtered_bc_results_20260808/task_31.json
32,gaussian_robust_score6,gaussian,robust_scale_linear,6,model_mi_reference_prior,50,100,2,density_final_gaussian_robust_score6_filter50pct,/iris/u/jasonyan/data/threading_d0_final_score_filtered_bc_20260808/configs/gaussian_robust_score6/filter50pct/seed2.json,bc_gmm_threading_d0_final_gaussian_robust_score6_filter50pct_seed2,/iris/u/jasonyan/data/threading_d0_final_score_filtered_bc_results_20260808/task_32.json
33,gaussian_robust_score6,gaussian,robust_scale_linear,6,model_mi_reference_prior,50,100,3,density_final_gaussian_robust_score6_filter50pct,/iris/u/jasonyan/data/threading_d0_final_score_filtered_bc_20260808/configs/gaussian_robust_score6/filter50pct/seed3.json,bc_gmm_threading_d0_final_gaussian_robust_score6_filter50pct_seed3,/iris/u/jasonyan/data/threading_d0_final_score_filtered_bc_results_20260808/task_33.json
34,gaussian_robust_score6,gaussian,robust_scale_linear,6,model_mi_reference_prior,75,50,1,density_final_gaussian_robust_score6_filter75pct,/iris/u/jasonyan/data/threading_d0_final_score_filtered_bc_20260808/configs/gaussian_robust_score6/filter75pct/seed1.json,bc_gmm_threading_d0_final_gaussian_robust_score6_filter75pct_seed1,/iris/u/jasonyan/data/threading_d0_final_score_filtered_bc_results_20260808/task_34.json
35,gaussian_robust_score6,gaussian,robust_scale_linear,6,model_mi_reference_prior,75,50,2,density_final_gaussian_robust_score6_filter75pct,/iris/u/jasonyan/data/threading_d0_final_score_filtered_bc_20260808/configs/gaussian_robust_score6/filter75pct/seed2.json,bc_gmm_threading_d0_final_gaussian_robust_score6_filter75pct_seed2,/iris/u/jasonyan/data/threading_d0_final_score_filtered_bc_results_20260808/task_35.json
36,gaussian_robust_score6,gaussian,robust_scale_linear,6,model_mi_reference_prior,75,50,3,density_final_gaussian_robust_score6_filter75pct,/iris/u/jasonyan/data/threading_d0_final_score_filtered_bc_20260808/configs/gaussian_robust_score6/filter75pct/seed3.json,bc_gmm_threading_d0_final_gaussian_robust_score6_filter75pct_seed3,/iris/u/jasonyan/data/threading_d0_final_score_filtered_bc_results_20260808/task_36.json
37,gaussian_identity_score6,gaussian,identity_linear,6,model_mi_reference_prior,25,150,1,density_final_gaussian_identity_score6_filter25pct,/iris/u/jasonyan/data/threading_d0_final_score_filtered_bc_20260808/configs/gaussian_identity_score6/filter25pct/seed1.json,bc_gmm_threading_d0_final_gaussian_identity_score6_filter25pct_seed1,/iris/u/jasonyan/data/threading_d0_final_score_filtered_bc_results_20260808/task_37.json
38,gaussian_identity_score6,gaussian,identity_linear,6,model_mi_reference_prior,25,150,2,density_final_gaussian_identity_score6_filter25pct,/iris/u/jasonyan/data/threading_d0_final_score_filtered_bc_20260808/configs/gaussian_identity_score6/filter25pct/seed2.json,bc_gmm_threading_d0_final_gaussian_identity_score6_filter25pct_seed2,/iris/u/jasonyan/data/threading_d0_final_score_filtered_bc_results_20260808/task_38.json
39,gaussian_identity_score6,gaussian,identity_linear,6,model_mi_reference_prior,25,150,3,density_final_gaussian_identity_score6_filter25pct,/iris/u/jasonyan/data/threading_d0_final_score_filtered_bc_20260808/configs/gaussian_identity_score6/filter25pct/seed3.json,bc_gmm_threading_d0_final_gaussian_identity_score6_filter25pct_seed3,/iris/u/jasonyan/data/threading_d0_final_score_filtered_bc_results_20260808/task_39.json
40,gaussian_identity_score6,gaussian,identity_linear,6,model_mi_reference_prior,50,100,1,density_final_gaussian_identity_score6_filter50pct,/iris/u/jasonyan/data/threading_d0_final_score_filtered_bc_20260808/configs/gaussian_identity_score6/filter50pct/seed1.json,bc_gmm_threading_d0_final_gaussian_identity_score6_filter50pct_seed1,/iris/u/jasonyan/data/threading_d0_final_score_filtered_bc_results_20260808/task_40.json
41,gaussian_identity_score6,gaussian,identity_linear,6,model_mi_reference_prior,50,100,2,density_final_gaussian_identity_score6_filter50pct,/iris/u/jasonyan/data/threading_d0_final_score_filtered_bc_20260808/configs/gaussian_identity_score6/filter50pct/seed2.json,bc_gmm_threading_d0_final_gaussian_identity_score6_filter50pct_seed2,/iris/u/jasonyan/data/threading_d0_final_score_filtered_bc_results_20260808/task_41.json
42,gaussian_identity_score6,gaussian,identity_linear,6,model_mi_reference_prior,50,100,3,density_final_gaussian_identity_score6_filter50pct,/iris/u/jasonyan/data/threading_d0_final_score_filtered_bc_20260808/configs/gaussian_identity_score6/filter50pct/seed3.json,bc_gmm_threading_d0_final_gaussian_identity_score6_filter50pct_seed3,/iris/u/jasonyan/data/threading_d0_final_score_filtered_bc_results_20260808/task_42.json
43,gaussian_identity_score6,gaussian,identity_linear,6,model_mi_reference_prior,75,50,1,density_final_gaussian_identity_score6_filter75pct,/iris/u/jasonyan/data/threading_d0_final_score_filtered_bc_20260808/configs/gaussian_identity_score6/filter75pct/seed1.json,bc_gmm_threading_d0_final_gaussian_identity_score6_filter75pct_seed1,/iris/u/jasonyan/data/threading_d0_final_score_filtered_bc_results_20260808/task_43.json
44,gaussian_identity_score6,gaussian,identity_linear,6,model_mi_reference_prior,75,50,2,density_final_gaussian_identity_score6_filter75pct,/iris/u/jasonyan/data/threading_d0_final_score_filtered_bc_20260808/configs/gaussian_identity_score6/filter75pct/seed2.json,bc_gmm_threading_d0_final_gaussian_identity_score6_filter75pct_seed2,/iris/u/jasonyan/data/threading_d0_final_score_filtered_bc_results_20260808/task_44.json
45,gaussian_identity_score6,gaussian,identity_linear,6,model_mi_reference_prior,75,50,3,density_final_gaussian_identity_score6_filter75pct,/iris/u/jasonyan/data/threading_d0_final_score_filtered_bc_20260808/configs/gaussian_identity_score6/filter75pct/seed3.json,bc_gmm_threading_d0_final_gaussian_identity_score6_filter75pct_seed3,/iris/u/jasonyan/data/threading_d0_final_score_filtered_bc_results_20260808/task_45.json
46,gmm_robust_score6,gmm,robust_scale_linear,6,model_mi_reference_prior,25,150,1,density_final_gmm_robust_score6_filter25pct,/iris/u/jasonyan/data/threading_d0_final_score_filtered_bc_20260808/configs/gmm_robust_score6/filter25pct/seed1.json,bc_gmm_threading_d0_final_gmm_robust_score6_filter25pct_seed1,/iris/u/jasonyan/data/threading_d0_final_score_filtered_bc_results_20260808/task_46.json
47,gmm_robust_score6,gmm,robust_scale_linear,6,model_mi_reference_prior,25,150,2,density_final_gmm_robust_score6_filter25pct,/iris/u/jasonyan/data/threading_d0_final_score_filtered_bc_20260808/configs/gmm_robust_score6/filter25pct/seed2.json,bc_gmm_threading_d0_final_gmm_robust_score6_filter25pct_seed2,/iris/u/jasonyan/data/threading_d0_final_score_filtered_bc_results_20260808/task_47.json
48,gmm_robust_score6,gmm,robust_scale_linear,6,model_mi_reference_prior,25,150,3,density_final_gmm_robust_score6_filter25pct,/iris/u/jasonyan/data/threading_d0_final_score_filtered_bc_20260808/configs/gmm_robust_score6/filter25pct/seed3.json,bc_gmm_threading_d0_final_gmm_robust_score6_filter25pct_seed3,/iris/u/jasonyan/data/threading_d0_final_score_filtered_bc_results_20260808/task_48.json
49,gmm_robust_score6,gmm,robust_scale_linear,6,model_mi_reference_prior,50,100,1,density_final_gmm_robust_score6_filter50pct,/iris/u/jasonyan/data/threading_d0_final_score_filtered_bc_20260808/configs/gmm_robust_score6/filter50pct/seed1.json,bc_gmm_threading_d0_final_gmm_robust_score6_filter50pct_seed1,/iris/u/jasonyan/data/threading_d0_final_score_filtered_bc_results_20260808/task_49.json
50,gmm_robust_score6,gmm,robust_scale_linear,6,model_mi_reference_prior,50,100,2,density_final_gmm_robust_score6_filter50pct,/iris/u/jasonyan/data/threading_d0_final_score_filtered_bc_20260808/configs/gmm_robust_score6/filter50pct/seed2.json,bc_gmm_threading_d0_final_gmm_robust_score6_filter50pct_seed2,/iris/u/jasonyan/data/threading_d0_final_score_filtered_bc_results_20260808/task_50.json
51,gmm_robust_score6,gmm,robust_scale_linear,6,model_mi_reference_prior,50,100,3,density_final_gmm_robust_score6_filter50pct,/iris/u/jasonyan/data/threading_d0_final_score_filtered_bc_20260808/configs/gmm_robust_score6/filter50pct/seed3.json,bc_gmm_threading_d0_final_gmm_robust_score6_filter50pct_seed3,/iris/u/jasonyan/data/threading_d0_final_score_filtered_bc_results_20260808/task_51.json
52,gmm_robust_score6,gmm,robust_scale_linear,6,model_mi_reference_prior,75,50,1,density_final_gmm_robust_score6_filter75pct,/iris/u/jasonyan/data/threading_d0_final_score_filtered_bc_20260808/configs/gmm_robust_score6/filter75pct/seed1.json,bc_gmm_threading_d0_final_gmm_robust_score6_filter75pct_seed1,/iris/u/jasonyan/data/threading_d0_final_score_filtered_bc_results_20260808/task_52.json
53,gmm_robust_score6,gmm,robust_scale_linear,6,model_mi_reference_prior,75,50,2,density_final_gmm_robust_score6_filter75pct,/iris/u/jasonyan/data/threading_d0_final_score_filtered_bc_20260808/configs/gmm_robust_score6/filter75pct/seed2.json,bc_gmm_threading_d0_final_gmm_robust_score6_filter75pct_seed2,/iris/u/jasonyan/data/threading_d0_final_score_filtered_bc_results_20260808/task_53.json
54,gmm_robust_score6,gmm,robust_scale_linear,6,model_mi_reference_prior,75,50,3,density_final_gmm_robust_score6_filter75pct,/iris/u/jasonyan/data/threading_d0_final_score_filtered_bc_20260808/configs/gmm_robust_score6/filter75pct/seed3.json,bc_gmm_threading_d0_final_gmm_robust_score6_filter75pct_seed3,/iris/u/jasonyan/data/threading_d0_final_score_filtered_bc_results_20260808/task_54.json
